user_id,message,timestamp,label
user_001,Why is my order taking so long? I ordered it 2 weeks ago.,2024-01-15T10:30:00Z,complaint
user_39958,can i get a replacement for the defective unit.,2024-01-01T08:01:00Z,inquiry
user_99325,HOW DO I CONTACT CUSTOMER SUPPORT!,2024-01-01T08:02:00Z,inquiry
user_30871,Why Is My Order Taking So Long? I Ordered It 10 Days Ago?,2024-01-01T08:15:00Z,complaint
user_81201,best company ever. highly recommended.,2024-01-01T08:12:00Z,praise
user_77305,Do You Offer International Shipping.,2024-01-01T08:10:00Z,inquiry
user_86565,How Do I Contact Customer Support?,2024-01-01T08:12:00Z,inquiry
user_31135,do you offer international shipping!,2024-01-01T08:28:00Z,inquiry
user_90135,JUST WANTED TO SAY THANK YOU FOR THE GREAT EXPERIENCE.,2024-01-01T08:24:00Z,praise
user_14273,How do I contact customer support?,2024-01-01T08:45:00Z,inquiry
user_58193,WHAT PAYMENT METHODS DO YOU ACCEPT?,2024-01-01T08:30:00Z,inquiry
user_30159,I am extremely unsatisfied with my purchase.,2024-01-01T08:33:00Z,complaint
user_40522,Do You Offer International Shipping,2024-01-01T08:24:00Z,inquiry
user_48714,Where can I find the refund policy!,2024-01-01T09:05:00Z,inquiry
user_83895,Why Is My Order Taking So Long? I Ordered It A Week Ago!,2024-01-01T08:28:00Z,complaint
user_36666,what payment methods do you accept.,2024-01-01T08:30:00Z,inquiry
user_96368,IS THERE A DISCOUNT CODE I CAN USE.,2024-01-01T09:20:00Z,inquiry
user_19738,can i return an item that was damaged in shipping.,2024-01-01T08:17:00Z,inquiry
user_93045,This Is The Worst Product I Have Ever Purchased,2024-01-01T09:30:00Z,complaint
user_38633,What is the warranty on this item!,2024-01-01T08:19:00Z,inquiry
user_020,My order is taking forever. I ordered it 2 weeks ago.,2024-01-15T15:46:00Z,complaint
user_18070,where can i find the refund policy.,2024-01-01T08:21:00Z,inquiry
user_33185,is there a discount code i can use.,2024-01-01T09:06:00Z,inquiry
user_70435,ABSOLUTELY LOVE EVERYTHING ABOUT THIS COMPANY.,2024-01-01T09:09:00Z,praise
user_82624,what is the warranty on this item,2024-01-01T08:24:00Z,inquiry
user_49101,What Is The Warranty On This Item!,2024-01-01T08:25:00Z,inquiry
user_39594,Where Can I Find The Refund Policy?,2024-01-01T09:44:00Z,inquiry
user_87192,This is the worst product I have ever purchased,2024-01-01T09:21:00Z,complaint
user_75025,I'M VERY DISAPPOINTED WITH THIS SERVICE,2024-01-01T10:20:00Z,complaint
user_57631,My order is taking forever. I ordered it 3 weeks ago?,2024-01-01T09:56:00Z,complaint
user_75003,Your Customer Service Is Absolutely Terrible?,2024-01-01T09:30:00Z,complaint
user_85871,Love this product! Best purchase ever.,2024-01-01T08:31:00Z,praise
user_79762,Do You Offer International Shipping?,2024-01-01T10:40:00Z,inquiry
user_46650,i am extremely unsatisfied with my purchase!,2024-01-01T08:33:00Z,complaint
user_49939,DO YOU OFFER INTERNATIONAL SHIPPING?,2024-01-01T10:16:00Z,inquiry
user_64312,Where Can I Find The Refund Policy,2024-01-01T10:20:00Z,inquiry
user_00171,amazing quality and fast shipping,2024-01-01T09:12:00Z,praise
user_64046,my order is taking forever. i ordered it 14 days ago,2024-01-01T09:51:00Z,complaint
user_64090,This is exactly what I wanted. Five stars,2024-01-01T10:32:00Z,praise
user_21550,INCREDIBLY DISAPPOINTED WITH THE QUALITY?,2024-01-01T10:36:00Z,complaint
user_98301,ABSOLUTELY LOVE EVERYTHING ABOUT THIS COMPANY.,2024-01-01T11:20:00Z,praise
user_35505,what is the warranty on this item,2024-01-01T11:25:00Z,inquiry
user_67338,Absolutely Love Everything About This Company!,2024-01-01T10:06:00Z,praise
user_98003,How can I track my shipment!,2024-01-01T08:43:00Z,inquiry
user_30985,this is the worst product i have ever purchased,2024-01-01T08:44:00Z,complaint
user_23377,Can I Return An Item That Was Damaged In Shipping,2024-01-01T11:45:00Z,inquiry
user_75291,Amazing Quality And Fast Shipping.,2024-01-01T11:50:00Z,praise
user_60566,Do you have this item in a different size?,2024-01-01T08:47:00Z,inquiry
user_60902,how do i contact customer support!,2024-01-01T12:00:00Z,inquiry
user_27164,WHERE CAN I FIND THE REFUND POLICY,2024-01-01T08:49:00Z,inquiry
user_83588,horrible experience from start to finish,2024-01-01T09:40:00Z,complaint
user_29732,Just wanted to say thank you for the great experience?,2024-01-01T09:42:00Z,praise
user_48140,JUST WANTED TO SAY THANK YOU FOR THE GREAT EXPERIENCE!,2024-01-01T12:20:00Z,praise
user_45818,your customer service is absolutely terrible!,2024-01-01T09:46:00Z,complaint
user_53036,best company ever. highly recommended?,2024-01-01T10:42:00Z,praise
user_50303,can i return an item that was damaged in shipping!,2024-01-01T09:50:00Z,inquiry
user_63235,horrible experience from start to finish.,2024-01-01T09:52:00Z,complaint
user_06107,amazing quality and fast shipping!,2024-01-01T08:57:00Z,praise
user_98600,AMAZING QUALITY AND FAST SHIPPING!,2024-01-01T08:58:00Z,praise
user_58878,WHAT PAYMENT METHODS DO YOU ACCEPT,2024-01-01T10:57:00Z,inquiry
user_74404,Why is my order taking so long? I ordered it a week ago,2024-01-01T10:00:00Z,complaint
user_64605,WHAT PAYMENT METHODS DO YOU ACCEPT!,2024-01-01T11:03:00Z,inquiry
user_79473,HOW LONG DOES SHIPPING USUALLY TAKE.,2024-01-01T12:08:00Z,inquiry
user_23475,how can i track my shipment!,2024-01-01T10:06:00Z,inquiry
user_30706,where can i find the refund policy!,2024-01-01T13:20:00Z,inquiry
user_20024,This Is Exactly What I Wanted. Five Stars?,2024-01-01T09:05:00Z,praise
user_99742,AMAZING QUALITY AND FAST SHIPPING?,2024-01-01T12:24:00Z,praise
user_90161,Your Customer Service Is Absolutely Terrible,2024-01-01T10:14:00Z,complaint
user_83688,how can i track my shipment!,2024-01-01T09:08:00Z,inquiry
user_47901,Fantastic service! Would definitely recommend.,2024-01-01T11:27:00Z,praise
user_52850,love this product! best purchase ever?,2024-01-01T11:30:00Z,praise
user_75913,Can I get a replacement for the defective unit,2024-01-01T09:11:00Z,inquiry
user_30520,can i get a replacement for the defective unit!,2024-01-01T14:00:00Z,inquiry
user_59743,Do You Have This Item In A Different Size?,2024-01-01T11:39:00Z,inquiry
user_05171,best company ever. highly recommended.,2024-01-01T10:28:00Z,praise
user_54823,Is There A Discount Code I Can Use?,2024-01-01T14:15:00Z,inquiry
user_55131,Just wanted to say thank you for the great experience!,2024-01-01T14:20:00Z,praise
user_35607,Fantastic service! Would definitely recommend?,2024-01-01T13:08:00Z,praise
user_71915,Why Is My Order Taking So Long? I Ordered It 15 Days Ago,2024-01-01T14:30:00Z,complaint
user_09047,Where Can I Find The Refund Policy.,2024-01-01T09:19:00Z,inquiry
user_82201,Can I return an item that was damaged in shipping.,2024-01-01T09:20:00Z,inquiry
user_01135,can i return an item that was damaged in shipping.,2024-01-01T12:03:00Z,inquiry
user_82885,Can I get a replacement for the defective unit?,2024-01-01T14:50:00Z,inquiry
user_31519,This Is The Worst Product I Have Ever Purchased?,2024-01-01T09:23:00Z,complaint
user_60269,MY ORDER IS TAKING FOREVER. I ORDERED IT A WEEK AGO?,2024-01-01T09:24:00Z,complaint
user_18733,Do you have this item in a different size,2024-01-01T12:15:00Z,inquiry
user_97325,I Am Extremely Unsatisfied With My Purchase,2024-01-01T12:18:00Z,complaint
user_66989,I am extremely unsatisfied with my purchase,2024-01-01T13:48:00Z,complaint
user_23644,Do you offer international shipping!,2024-01-01T09:28:00Z,inquiry
user_64548,Why is my order taking so long? I ordered it 15 days ago!,2024-01-01T13:56:00Z,complaint
user_91236,How Can I Track My Shipment.,2024-01-01T11:00:00Z,inquiry
user_22905,My package is taking forever. I packageed it a week ago?,2024-01-01T09:31:00Z,complaint
user_12982,how do i contact customer support.,2024-01-01T11:04:00Z,inquiry
user_33404,incredibly disappointed with the quality?,2024-01-01T09:33:00Z,complaint
user_83577,WHAT PAYMENT METHODS DO YOU ACCEPT!,2024-01-01T15:50:00Z,inquiry
user_41729,Fantastic service! Would definitely recommend?,2024-01-01T12:45:00Z,praise
user_87176,DO YOU HAVE THIS ITEM IN A DIFFERENT SIZE,2024-01-01T14:24:00Z,inquiry
user_89436,Your Service Is Outstanding?,2024-01-01T09:37:00Z,praise
user_70734,How Can I Track My Shipment!,2024-01-01T16:10:00Z,inquiry
user_08997,horrible experience from start to finish,2024-01-01T11:18:00Z,complaint
user_38862,What payment methods do you accept?,2024-01-01T16:20:00Z,inquiry
user_59367,how long does shipping usually take!,2024-01-01T14:44:00Z,inquiry
user_89674,What Is The Warranty On This Item?,2024-01-01T14:48:00Z,inquiry
user_44565,love this product! best purchase ever!,2024-01-01T14:52:00Z,praise
user_41161,Do you have this item in a different size!,2024-01-01T11:28:00Z,inquiry
user_87761,How Can I Track My Shipment,2024-01-01T09:45:00Z,inquiry
user_78250,Do You Have This Item In A Different Size!,2024-01-01T16:50:00Z,inquiry
user_06235,WHY IS MY ORDER TAKING SO LONG? I ORDERED IT 14 DAYS AGO.,2024-01-01T13:21:00Z,complaint
user_35181,amazing quality and fast shipping,2024-01-01T15:12:00Z,praise
user_32014,What payment methods do you accept!,2024-01-01T17:05:00Z,inquiry
user_68977,best company ever. highly recommended,2024-01-01T17:10:00Z,praise
user_25910,MY ORDER IS TAKING FOREVER. I ORDERED IT 2 WEEKS AGO.,2024-01-01T17:15:00Z,complaint
user_67224,This Is The Worst Product I Have Ever Purchased?,2024-01-01T13:36:00Z,complaint
user_99063,FANTASTIC SERVICE! WOULD DEFINITELY RECOMMEND,2024-01-01T13:39:00Z,praise
user_36670,Horrible Experience From Start To Finish,2024-01-01T11:48:00Z,complaint
user_12036,MY ORDER IS TAKING FOREVER. I ORDERED IT 2 WEEKS AGO,2024-01-01T13:45:00Z,complaint
user_84337,this is the worst product i have ever purchased!,2024-01-01T17:40:00Z,complaint
user_75774,THIS IS THE WORST PRODUCT I HAVE EVER PURCHASED!,2024-01-01T11:54:00Z,complaint
user_44097,My Order Is Taking Forever. I Ordered It 15 Days Ago?,2024-01-01T11:56:00Z,complaint
user_41960,I Am Extremely Unsatisfied With My Purchase!,2024-01-01T15:56:00Z,complaint
user_62585,HOW DO I CONTACT CUSTOMER SUPPORT.,2024-01-01T12:00:00Z,inquiry
user_35978,WHY IS MY ORDER TAKING SO LONG? I ORDERED IT 2 WEEKS AGO?,2024-01-01T12:02:00Z,complaint
user_64132,WHAT IS THE WARRANTY ON THIS ITEM,2024-01-01T12:04:00Z,inquiry
user_13766,Fantastic Service! Would Definitely Recommend?,2024-01-01T10:03:00Z,praise
user_30068,what is the warranty on this item?,2024-01-01T12:08:00Z,inquiry
user_61483,I'm very disappointed with this service,2024-01-01T14:15:00Z,complaint
user_04452,i'm very disappointed with this service,2024-01-01T16:24:00Z,complaint
user_79602,best company ever. highly recommended,2024-01-01T12:14:00Z,praise
user_87092,CAN I RETURN AN ITEM THAT WAS DAMAGED IN SHIPPING,2024-01-01T18:40:00Z,inquiry
user_05026,Love This Product! Best Purchase Ever.,2024-01-01T12:18:00Z,praise
user_39726,I'M Very Disappointed With This Service!,2024-01-01T10:10:00Z,complaint
user_29923,How Do I Contact Customer Support?,2024-01-01T10:11:00Z,inquiry
user_43300,FANTASTIC SERVICE! WOULD DEFINITELY RECOMMEND,2024-01-01T14:36:00Z,praise
user_66954,CAN I RETURN AN ITEM THAT WAS DAMAGED IN SHIPPING?,2024-01-01T16:52:00Z,inquiry
user_05301,Where can I find the refund policy,2024-01-01T19:10:00Z,inquiry
user_24726,Where can I find the refund policy,2024-01-01T14:45:00Z,inquiry
user_71121,WHY IS MY ORDER TAKING SO LONG? I ORDERED IT A WEEK AGO!,2024-01-01T10:16:00Z,complaint
user_84068,Your service is outstanding,2024-01-01T17:08:00Z,praise
user_83517,I'M Very Disappointed With This Service!,2024-01-01T10:18:00Z,complaint
user_04904,Absolutely love everything about this company?,2024-01-01T17:16:00Z,praise
user_80248,THIS IS EXACTLY WHAT I WANTED. FIVE STARS!,2024-01-01T15:00:00Z,praise
user_66136,Incredibly disappointed with the quality.,2024-01-01T17:24:00Z,complaint
user_68073,WHAT IS THE WARRANTY ON THIS ITEM,2024-01-01T19:50:00Z,inquiry
user_35528,Do you offer international shipping?,2024-01-01T15:09:00Z,inquiry
user_41782,MY ORDER IS TAKING FOREVER. I ORDERED IT 10 DAYS AGO?,2024-01-01T17:36:00Z,complaint
user_73523,i am extremely unsatisfied with my purchase,2024-01-01T12:50:00Z,complaint
user_24141,AMAZING QUALITY AND FAST SHIPPING!,2024-01-01T20:10:00Z,praise
user_54515,Where can I find the refund policy.,2024-01-01T17:48:00Z,inquiry
user_31326,your customer service is absolutely terrible!,2024-01-01T17:52:00Z,complaint
user_44324,incredibly disappointed with the quality?,2024-01-01T12:58:00Z,complaint
user_44240,Can I get a replacement for the defective unit.,2024-01-01T18:00:00Z,inquiry
user_02324,Can I return an item that was damaged in shipping.,2024-01-01T15:33:00Z,inquiry
user_53408,Do You Have This Item In A Different Size?,2024-01-01T15:36:00Z,inquiry
user_82988,Can I Get A Replacement For The Defective Unit,2024-01-01T18:12:00Z,inquiry
user_78648,This is exactly what I wanted. Five stars!,2024-01-01T10:34:00Z,praise
user_36708,This Is Exactly What I Wanted. Five Stars!,2024-01-01T20:55:00Z,praise
user_62846,my order is taking forever. i ordered it 10 days ago,2024-01-01T18:24:00Z,complaint
user_29623,I'm very disappointed with this service.,2024-01-01T15:51:00Z,complaint
user_80988,This is exactly what I wanted. Five stars,2024-01-01T21:10:00Z,praise
user_56011,how long does shipping usually take.,2024-01-01T18:36:00Z,inquiry
user_49795,WHAT IS THE WARRANTY ON THIS ITEM?,2024-01-01T10:40:00Z,inquiry
user_35000,Your Customer Service Is Absolutely Terrible,2024-01-01T18:44:00Z,complaint
user_85317,Where can I find the exchange policy.,2024-01-01T18:48:00Z,inquiry
user_77289,My order is taking forever. I ordered it 2 weeks ago.,2024-01-01T18:52:00Z,complaint
user_21518,Your service is outstanding,2024-01-01T21:40:00Z,praise
user_97657,What is the warranty on this item.,2024-01-01T19:00:00Z,inquiry
user_47215,my order is taking forever. i ordered it 15 days ago,2024-01-01T19:04:00Z,complaint
user_37693,JUST WANTED TO SAY THANK YOU FOR THE GREAT EXPERIENCE.,2024-01-01T10:47:00Z,praise
user_55341,What Is The Warranty On This Item,2024-01-01T22:00:00Z,inquiry
user_65329,DO YOU OFFER INTERNATIONAL SHIPPING!,2024-01-01T16:27:00Z,inquiry
user_44369,Absolutely love everything about this company!,2024-01-01T22:10:00Z,praise
user_85813,best company ever. highly recommended.,2024-01-01T13:42:00Z,praise
user_94543,Absolutely Love Everything About This Company.,2024-01-01T16:36:00Z,praise
user_74247,THIS IS EXACTLY WHAT I WANTED. FIVE STARS?,2024-01-01T22:25:00Z,praise
user_80167,THIS IS THE WORST PRODUCT I HAVE EVER PURCHASED.,2024-01-01T22:30:00Z,complaint
user_01069,My Order Is Taking Forever. I Ordered It 15 Days Ago,2024-01-01T22:35:00Z,complaint
user_34359,WHAT PAYMENT METHODS DO YOU ACCEPT!,2024-01-01T22:40:00Z,inquiry
user_25332,why is my order taking so long? i ordered it 3 weeks ago,2024-01-01T16:51:00Z,complaint
user_10948,MY ORDER IS TAKING FOREVER. I ORDERED IT 3 WEEKS AGO!,2024-01-01T10:58:00Z,complaint
user_08825,FANTASTIC SERVICE! WOULD DEFINITELY RECOMMEND.,2024-01-01T19:56:00Z,praise
user_02416,Where can I find the refund policy!,2024-01-01T20:00:00Z,inquiry
user_29295,your service is outstanding,2024-01-01T20:04:00Z,praise
user_90168,My package is taking forever. I packageed it 15 days ago!,2024-01-01T17:06:00Z,complaint
user_56723,your customer service is absolutely terrible?,2024-01-01T23:15:00Z,complaint
user_35410,Your Service Is Outstanding?,2024-01-01T11:04:00Z,praise
user_82750,Best Company Ever. Highly Recommended!,2024-01-01T20:20:00Z,praise
user_65970,love this product! best purchase ever.,2024-01-01T11:06:00Z,praise
user_20563,Fantastic service! Would definitely recommend,2024-01-01T20:28:00Z,praise
user_04747,LOVE THIS PRODUCT! BEST PURCHASE EVER,2024-01-01T11:08:00Z,praise
user_28170,I Am Extremely Unsatisfied With My Purchase?,2024-01-01T17:27:00Z,complaint
user_54287,do you have this item in a different size.,2024-01-01T17:30:00Z,inquiry
user_80478,DO YOU HAVE THIS ITEM IN A DIFFERENT SIZE!,2024-01-01T20:44:00Z,inquiry
user_41475,IS THERE A DISCOUNT CODE I CAN USE.,2024-01-01T17:36:00Z,inquiry
user_49228,This Is Exactly What I Wanted. Five Stars.,2024-01-01T20:52:00Z,praise
user_70524,Amazing Quality And Fast Shipping,2024-01-02T00:10:00Z,praise
user_04695,how long does shipping usually take!,2024-01-02T00:15:00Z,inquiry
user_14526,This Is The Worst Product I Have Ever Purchased,2024-01-01T21:04:00Z,complaint
user_89064,why is my order taking so long? i ordered it 3 weeks ago?,2024-01-01T14:34:00Z,complaint
user_85365,Can I Get A Replacement For The Defective Unit?,2024-01-01T14:36:00Z,inquiry
user_78984,My order is taking forever. I ordered it 2 weeks ago,2024-01-01T11:19:00Z,complaint
user_45543,what payment methods do you accept!,2024-01-01T18:00:00Z,inquiry
user_34655,Horrible experience from start to finish,2024-01-01T18:03:00Z,complaint
user_63090,AMAZING QUALITY AND FAST SHIPPING?,2024-01-01T14:44:00Z,praise
user_36067,your customer service is absolutely terrible.,2024-01-01T18:09:00Z,complaint
user_19336,BEST COMPANY EVER. HIGHLY RECOMMENDED!,2024-01-01T18:12:00Z,praise
user_27413,Your Service Is Outstanding.,2024-01-01T21:40:00Z,praise
user_15109,amazing quality and fast shipping.,2024-01-02T01:10:00Z,praise
user_95829,YOUR CUSTOMER SERVICE IS ABSOLUTELY TERRIBLE.,2024-01-01T14:54:00Z,complaint
user_90319,CAN I GET A REPLACEMENT FOR THE DEFECTIVE UNIT?,2024-01-01T11:28:00Z,inquiry
user_86291,can i return an item that was damaged in shipping,2024-01-01T11:29:00Z,inquiry
user_21357,WHAT PAYMENT METHODS DO YOU ACCEPT.,2024-01-01T18:30:00Z,inquiry
user_02625,CAN I GET A REPLACEMENT FOR THE DEFECTIVE UNIT?,2024-01-01T22:04:00Z,inquiry
user_12462,how can i track my shipment?,2024-01-02T01:40:00Z,inquiry
user_91073,This is the worst product I have ever purchased.,2024-01-01T18:39:00Z,complaint
user_25198,I AM EXTREMELY UNSATISFIED WITH MY PURCHASE?,2024-01-01T22:16:00Z,complaint
user_96998,How do I contact customer support,2024-01-01T18:45:00Z,inquiry
user_08798,Best Company Ever. Highly Recommended!,2024-01-01T15:12:00Z,praise
user_28112,Is There A Discount Code I Can Use?,2024-01-01T11:37:00Z,inquiry
user_86977,This Is The Worst Product I Have Ever Purchased,2024-01-01T15:16:00Z,complaint
user_93995,Why Is My Order Taking So Long? I Ordered It 2 Weeks Ago?,2024-01-01T15:18:00Z,complaint
user_95798,Can I Return An Item That Was Damaged In Shipping!,2024-01-02T02:20:00Z,inquiry
user_94179,your service is outstanding?,2024-01-02T02:25:00Z,praise
user_95703,Can I get a replacement for the defective unit?,2024-01-01T15:24:00Z,inquiry
user_08790,Can I Get A Replacement For The Defective Unit,2024-01-01T22:52:00Z,inquiry
user_57805,HOW CAN I TRACK MY SHIPMENT.,2024-01-01T15:28:00Z,inquiry
user_09844,My Order Is Taking Forever. I Ordered It A Week Ago!,2024-01-01T11:45:00Z,complaint
user_47704,BEST COMPANY EVER. HIGHLY RECOMMENDED,2024-01-01T23:04:00Z,praise
user_59719,AMAZING QUALITY AND FAST SHIPPING.,2024-01-01T23:08:00Z,praise
user_47363,WHERE CAN I FIND THE REFUND POLICY!,2024-01-01T23:12:00Z,inquiry
user_50763,Your Service Is Outstanding!,2024-01-02T03:05:00Z,praise
user_37164,Fantastic service! Would definitely recommend.,2024-01-02T03:10:00Z,praise
user_03083,Best company ever. Highly recommended?,2024-01-01T19:33:00Z,praise
user_78607,Your customer service is absolutely terrible,2024-01-02T03:20:00Z,complaint
user_10040,Your Customer Service Is Absolutely Terrible?,2024-01-01T19:39:00Z,complaint
user_18536,This is exactly what I wanted. Five stars!,2024-01-01T15:48:00Z,praise
user_24744,DO YOU OFFER INTERNATIONAL SHIPPING!,2024-01-01T19:45:00Z,inquiry
user_73507,BEST COMPANY EVER. HIGHLY RECOMMENDED?,2024-01-01T23:44:00Z,praise
user_93558,your customer service is absolutely terrible.,2024-01-02T03:45:00Z,complaint
user_00353,How Can I Track My Shipment.,2024-01-01T11:58:00Z,inquiry
user_16077,Where can I find the refund policy,2024-01-01T23:56:00Z,inquiry
user_05995,How Can I Track My Shipment.,2024-01-01T12:00:00Z,inquiry
user_80478,Do you offer international shipping!,2024-01-01T12:01:00Z,inquiry
user_46349,What Payment Methods Do You Accept,2024-01-02T00:08:00Z,inquiry
user_94416,Just Wanted To Say Thank You For The Great Experience?,2024-01-02T00:12:00Z,praise
user_72850,What Is The Warranty On This Item?,2024-01-02T04:20:00Z,inquiry
user_53614,Best Company Ever. Highly Recommended?,2024-01-01T12:05:00Z,praise
user_65130,INCREDIBLY DISAPPOINTED WITH THE QUALITY.,2024-01-02T00:24:00Z,complaint
user_85464,What Payment Methods Do You Accept,2024-01-01T12:07:00Z,inquiry
user_33068,WHY IS MY ORDER TAKING SO LONG? I ORDERED IT 10 DAYS AGO,2024-01-02T00:32:00Z,complaint
user_41365,INCREDIBLY DISAPPOINTED WITH THE QUALITY?,2024-01-01T12:09:00Z,complaint
user_51794,MY ORDER IS TAKING FOREVER. I ORDERED IT 3 WEEKS AGO.,2024-01-02T04:50:00Z,complaint
user_56741,I Am Extremely Unsatisfied With My Purchase?,2024-01-01T12:11:00Z,complaint
user_79053,Why Is My Order Taking So Long? I Ordered It 2 Weeks Ago!,2024-01-02T05:00:00Z,complaint
user_14310,HOW LONG DOES SHIPPING USUALLY TAKE.,2024-01-02T05:05:00Z,inquiry
user_64688,best company ever. highly recommended?,2024-01-02T05:10:00Z,praise
user_53851,WHAT PAYMENT METHODS DO YOU ACCEPT.,2024-01-01T12:15:00Z,inquiry
user_74824,Can I Return An Item That Was Damaged In Shipping.,2024-01-01T20:48:00Z,inquiry
user_05209,LOVE THIS PRODUCT! BEST PURCHASE EVER,2024-01-01T12:17:00Z,praise
user_86193,what is the warranty on this item?,2024-01-01T20:54:00Z,inquiry
user_07305,Do You Have This Item In A Different Size.,2024-01-01T16:38:00Z,inquiry
user_21662,My shipment is taking forever. I shipmented it 2 weeks ago.,2024-01-01T12:20:00Z,complaint
user_35217,Love this product! Best purchase ever.,2024-01-01T21:03:00Z,praise
user_32849,How can I track my shipment!,2024-01-02T05:50:00Z,inquiry
user_35943,your customer service is absolutely terrible,2024-01-01T21:09:00Z,complaint
user_72494,horrible experience from start to finish,2024-01-02T01:36:00Z,complaint
user_50589,Best Company Ever. Highly Recommended!,2024-01-01T12:25:00Z,praise
user_56126,I AM EXTREMELY UNSATISFIED WITH MY PURCHASE!,2024-01-01T12:26:00Z,complaint
user_33215,THIS IS THE WORST PRODUCT I HAVE EVER PURCHASED.,2024-01-02T06:15:00Z,complaint
user_33012,best company ever. highly recommended!,2024-01-02T06:20:00Z,praise
user_99473,Love this product! Best purchase ever?,2024-01-02T01:56:00Z,praise
user_21627,I AM EXTREMELY UNSATISFIED WITH MY PURCHASE!,2024-01-01T17:00:00Z,complaint
user_48724,WHAT IS THE WARRANTY ON THIS ITEM?,2024-01-02T02:04:00Z,inquiry
user_69018,ABSOLUTELY LOVE EVERYTHING ABOUT THIS COMPANY!,2024-01-01T17:04:00Z,praise
user_39769,WHY IS MY ORDER TAKING SO LONG? I ORDERED IT 2 WEEKS AGO!,2024-01-02T06:45:00Z,complaint
user_48217,MY ORDER IS TAKING FOREVER. I ORDERED IT 2 WEEKS AGO.,2024-01-01T17:08:00Z,complaint
user_86733,fantastic service! would definitely recommend,2024-01-02T02:20:00Z,praise
user_16527,Best Company Ever. Highly Recommended?,2024-01-01T21:48:00Z,praise
user_04313,ABSOLUTELY LOVE EVERYTHING ABOUT THIS COMPANY.,2024-01-01T12:37:00Z,praise
user_95451,Your service is outstanding!,2024-01-01T17:16:00Z,praise
user_61099,JUST WANTED TO SAY THANK YOU FOR THE GREAT EXPERIENCE,2024-01-02T07:15:00Z,praise
user_53211,can i return an item that was damaged in shipping.,2024-01-01T12:40:00Z,inquiry
user_16756,Why is my package taking so long? I packageed it 10 days ago,2024-01-01T22:03:00Z,complaint
user_59156,How Can I Track My Shipment,2024-01-01T22:06:00Z,inquiry
user_20413,THIS IS THE WORST PRODUCT I HAVE EVER PURCHASED!,2024-01-01T17:26:00Z,complaint
user_55536,HOW DO I CONTACT CUSTOMER SUPPORT.,2024-01-01T22:12:00Z,inquiry
user_73716,Why is my package taking so long? I packageed it 14 days ago,2024-01-01T12:45:00Z,complaint
user_95582,What Is The Warranty On This Item!,2024-01-01T22:18:00Z,inquiry
user_40545,absolutely love everything about this company.,2024-01-01T17:34:00Z,praise
user_47277,Your customer service is absolutely terrible,2024-01-01T17:36:00Z,complaint
user_85029,Do You Have This Item In A Different Size?,2024-01-01T17:38:00Z,inquiry
user_93928,this is exactly what i wanted. five stars,2024-01-02T08:10:00Z,praise
user_17526,love this product! best purchase ever.,2024-01-02T08:15:00Z,praise
user_56973,your service is outstanding.,2024-01-01T22:36:00Z,praise
user_60186,Incredibly Disappointed With The Quality,2024-01-01T12:53:00Z,complaint
user_46452,Is there a discount code I can use?,2024-01-02T08:30:00Z,inquiry
user_75616,what is the warranty on this item!,2024-01-02T08:35:00Z,inquiry
user_71205,Just wanted to say thank you for the great experience.,2024-01-02T08:40:00Z,praise
user_82999,why is my package taking so long? i packageed it 14 days ago?,2024-01-02T03:48:00Z,complaint
user_14213,FANTASTIC SERVICE! WOULD DEFINITELY RECOMMEND,2024-01-02T03:52:00Z,praise
user_96068,WHAT IS THE WARRANTY ON THIS ITEM!,2024-01-01T17:58:00Z,inquiry
user_62124,Love This Product! Best Purchase Ever,2024-01-01T23:00:00Z,praise
user_31730,do you offer international shipping!,2024-01-01T13:01:00Z,inquiry
user_66297,I'M VERY DISAPPOINTED WITH THIS SERVICE?,2024-01-01T23:06:00Z,complaint
user_30621,Can I Get A Replacement For The Defective Unit,2024-01-01T13:03:00Z,inquiry
user_47899,Can I Return An Item That Was Damaged In Shipping!,2024-01-02T09:20:00Z,inquiry
user_20208,just wanted to say thank you for the great experience,2024-01-02T09:25:00Z,praise
user_11084,Just wanted to say thank you for the great experience?,2024-01-01T18:12:00Z,praise
user_95047,Your Customer Service Is Absolutely Terrible?,2024-01-02T04:28:00Z,complaint
user_35249,your customer service is absolutely terrible?,2024-01-01T23:24:00Z,complaint
user_33037,your customer service is absolutely terrible.,2024-01-02T04:36:00Z,complaint
user_16283,Absolutely love everything about this company.,2024-01-01T13:10:00Z,praise
user_14789,Absolutely love everything about this company,2024-01-02T09:55:00Z,praise
user_28478,WHAT IS THE WARRANTY ON THIS ITEM.,2024-01-01T18:24:00Z,inquiry
user_08405,how do i contact customer support!,2024-01-01T13:13:00Z,inquiry
user_06524,your service is outstanding,2024-01-01T18:28:00Z,praise
user_88027,BEST COMPANY EVER. HIGHLY RECOMMENDED.,2024-01-02T10:15:00Z,praise
user_57875,What is the warranty on this item,2024-01-01T18:32:00Z,inquiry
user_52603,Do you offer international shipping,2024-01-02T05:08:00Z,inquiry
user_44109,Why Is My Order Taking So Long? I Ordered It 14 Days Ago?,2024-01-01T13:18:00Z,complaint
user_70678,How long does shipping usually take!,2024-01-02T05:16:00Z,inquiry
user_66413,Fantastic Service! Would Definitely Recommend,2024-01-02T05:20:00Z,praise
user_27327,How do I contact customer support!,2024-01-02T05:24:00Z,inquiry
user_66321,my order is taking forever. i ordered it 15 days ago,2024-01-02T05:28:00Z,complaint
user_31367,Fantastic Service! Would Definitely Recommend!,2024-01-02T00:09:00Z,praise
user_07968,YOUR CUSTOMER SERVICE IS ABSOLUTELY TERRIBLE?,2024-01-02T05:36:00Z,complaint
user_38993,Best Company Ever. Highly Recommended!,2024-01-02T05:40:00Z,praise
user_81045,MY ORDER IS TAKING FOREVER. I ORDERED IT 10 DAYS AGO?,2024-01-02T11:10:00Z,complaint
user_81924,WHAT IS THE WARRANTY ON THIS ITEM.,2024-01-02T00:21:00Z,inquiry
user_78807,I Am Extremely Unsatisfied With My Purchase?,2024-01-02T05:52:00Z,complaint
user_51003,Best company ever. Highly recommended.,2024-01-01T18:58:00Z,praise
user_09454,Best company ever. Highly recommended,2024-01-01T19:00:00Z,praise
user_38342,Why Is My Order Taking So Long? I Ordered It 10 Days Ago!,2024-01-02T06:04:00Z,complaint
user_19300,Incredibly disappointed with the quality,2024-01-01T19:04:00Z,complaint
user_81848,HOW LONG DOES SHIPPING USUALLY TAKE.,2024-01-02T06:12:00Z,inquiry
user_74505,i'm very disappointed with this service!,2024-01-02T00:42:00Z,complaint
user_26139,HOW DO I CONTACT CUSTOMER SUPPORT!,2024-01-02T06:20:00Z,inquiry
user_79210,WHY IS MY ORDER TAKING SO LONG? I ORDERED IT A WEEK AGO?,2024-01-02T12:00:00Z,complaint
user_61249,I'm very disappointed with this service,2024-01-02T12:05:00Z,complaint
user_49152,Do you offer international shipping,2024-01-01T19:16:00Z,inquiry
user_28583,i'm very disappointed with this service?,2024-01-01T19:18:00Z,complaint
user_85727,BEST COMPANY EVER. HIGHLY RECOMMENDED?,2024-01-02T06:40:00Z,praise
user_76400,is there a discount code i can use!,2024-01-02T12:25:00Z,inquiry
user_30690,Just wanted to say thank you for the great experience.,2024-01-02T12:30:00Z,praise
user_87367,Can I return an item that was damaged in shipping,2024-01-02T12:35:00Z,inquiry
user_36543,Fantastic Service! Would Definitely Recommend,2024-01-01T19:28:00Z,praise
user_07028,My order is taking forever. I ordered it 10 days ago.,2024-01-01T13:45:00Z,complaint
user_53628,I Am Extremely Unsatisfied With My Purchase,2024-01-01T13:46:00Z,complaint
user_47014,HOW LONG DOES SHIPPING USUALLY TAKE!,2024-01-02T12:55:00Z,inquiry
user_63067,Do You Have This Item In A Different Size.,2024-01-02T13:00:00Z,inquiry
user_04497,I'M Very Disappointed With This Service?,2024-01-02T01:27:00Z,complaint
user_29261,Do You Offer International Shipping.,2024-01-02T13:10:00Z,inquiry
user_83067,Best Company Ever. Highly Recommended,2024-01-02T01:33:00Z,praise
user_56799,IS THERE A DISCOUNT CODE I CAN USE.,2024-01-01T19:44:00Z,inquiry
user_27725,Amazing quality and fast shipping!,2024-01-02T01:39:00Z,praise
user_52164,Fantastic service! Would definitely recommend.,2024-01-02T13:30:00Z,praise
user_04736,Just Wanted To Say Thank You For The Great Experience!,2024-01-02T07:40:00Z,praise
user_54537,THIS IS THE WORST PRODUCT I HAVE EVER PURCHASED.,2024-01-02T13:40:00Z,complaint
user_19549,What Is The Warranty On This Item.,2024-01-01T19:54:00Z,inquiry
user_20358,How Do I Contact Customer Support.,2024-01-01T19:56:00Z,inquiry
user_31232,How Long Does Shipping Usually Take.,2024-01-01T19:58:00Z,inquiry
user_88477,Love this product! Best purchase ever.,2024-01-02T14:00:00Z,praise
user_55522,my item is taking forever. i itemed it 14 days ago,2024-01-02T08:04:00Z,complaint
user_52141,YOUR CUSTOMER SERVICE IS ABSOLUTELY TERRIBLE.,2024-01-01T20:04:00Z,complaint
user_16989,just wanted to say thank you for the great experience!,2024-01-02T02:09:00Z,praise
user_81409,your service is outstanding?,2024-01-02T14:20:00Z,praise
user_57791,love this product! best purchase ever!,2024-01-01T14:05:00Z,praise
user_31450,THIS IS EXACTLY WHAT I WANTED. FIVE STARS,2024-01-02T02:18:00Z,praise
user_74470,WHERE CAN I FIND THE REFUND POLICY.,2024-01-02T08:28:00Z,inquiry
user_84258,JUST WANTED TO SAY THANK YOU FOR THE GREAT EXPERIENCE,2024-01-01T14:08:00Z,praise
user_25746,Your Service Is Outstanding!,2024-01-02T02:27:00Z,praise
user_65249,I'm very disappointed with this service!,2024-01-01T20:20:00Z,complaint
user_07627,Horrible Experience From Start To Finish,2024-01-01T14:11:00Z,complaint
user_40343,My Order Is Taking Forever. I Ordered It 2 Weeks Ago!,2024-01-02T02:36:00Z,complaint
user_18800,Absolutely love everything about this company.,2024-01-02T08:52:00Z,praise
user_65364,Your customer service is absolutely terrible!,2024-01-02T02:42:00Z,complaint
user_48301,Do you have this item in a different size,2024-01-02T09:00:00Z,inquiry
user_18987,What Is The Warranty On This Item?,2024-01-01T14:16:00Z,inquiry
user_96517,best company ever. highly recommended?,2024-01-01T20:34:00Z,praise
user_22293,CAN I GET A REPLACEMENT FOR THE DEFECTIVE UNIT,2024-01-01T20:36:00Z,inquiry
user_31010,Why is my item taking so long? I itemed it 10 days ago!,2024-01-01T14:19:00Z,complaint
user_25745,incredibly disappointed with the quality!,2024-01-01T20:40:00Z,complaint
user_94324,This is the worst product I have ever purchased,2024-01-02T03:03:00Z,complaint
user_48624,I AM EXTREMELY UNSATISFIED WITH MY PURCHASE?,2024-01-01T20:44:00Z,complaint
user_91362,why is my order taking so long? i ordered it 2 weeks ago?,2024-01-02T03:09:00Z,complaint
user_16776,fantastic service! would definitely recommend?,2024-01-01T20:48:00Z,praise
user_11777,how can i track my shipment.,2024-01-02T16:05:00Z,inquiry
user_95662,your service is outstanding,2024-01-02T03:18:00Z,praise
user_37721,Fantastic service! Would definitely recommend!,2024-01-02T09:48:00Z,praise
user_97862,fantastic service! would definitely recommend,2024-01-02T16:20:00Z,praise
user_27682,how do i contact customer support!,2024-01-02T03:27:00Z,inquiry
user_97810,how long does shipping usually take!,2024-01-01T14:30:00Z,inquiry
user_95081,incredibly disappointed with the quality?,2024-01-02T10:04:00Z,complaint
user_72427,JUST WANTED TO SAY THANK YOU FOR THE GREAT EXPERIENCE.,2024-01-01T21:04:00Z,praise
user_13836,What is the warranty on this item.,2024-01-01T14:33:00Z,inquiry
user_19369,how can i track my shipment!,2024-01-01T21:08:00Z,inquiry
user_49101,Horrible experience from start to finish?,2024-01-01T14:35:00Z,complaint
user_44201,JUST WANTED TO SAY THANK YOU FOR THE GREAT EXPERIENCE,2024-01-01T21:12:00Z,praise
user_32145,This is exactly what I wanted. Five stars.,2024-01-02T17:05:00Z,praise
user_71110,JUST WANTED TO SAY THANK YOU FOR THE GREAT EXPERIENCE!,2024-01-02T03:54:00Z,praise
user_28018,What payment methods do you accept?,2024-01-01T14:39:00Z,inquiry
user_27654,LOVE THIS PRODUCT! BEST PURCHASE EVER,2024-01-02T04:00:00Z,praise
user_53570,Love this product! Best purchase ever?,2024-01-01T21:22:00Z,praise
user_40840,Incredibly disappointed with the quality,2024-01-02T10:48:00Z,complaint
user_41599,I'M Very Disappointed With This Service?,2024-01-01T21:26:00Z,complaint
user_48662,THIS IS THE WORST PRODUCT I HAVE EVER PURCHASED!,2024-01-01T21:28:00Z,complaint
user_01377,this is the worst product i have ever purchased.,2024-01-01T14:45:00Z,complaint
user_38071,Where can I find the refund policy.,2024-01-02T11:04:00Z,inquiry
user_87783,How Can I Track My Shipment.,2024-01-02T17:55:00Z,inquiry
user_69829,I am extremely unsatisfied with my purchase,2024-01-02T04:24:00Z,complaint
user_76181,Your Customer Service Is Absolutely Terrible.,2024-01-02T18:05:00Z,complaint
user_26198,horrible experience from start to finish!,2024-01-02T11:20:00Z,complaint
user_80567,i'm very disappointed with this service.,2024-01-01T14:51:00Z,complaint
user_53083,This Is Exactly What I Wanted. Five Stars,2024-01-02T04:36:00Z,praise
user_58082,Love This Product! Best Purchase Ever,2024-01-01T14:53:00Z,praise
user_31941,HOW CAN I TRACK MY SHIPMENT,2024-01-01T21:48:00Z,inquiry
user_17313,how long does shipping usually take!,2024-01-01T14:55:00Z,inquiry
user_48678,Fantastic service! Would definitely recommend.,2024-01-01T14:56:00Z,praise
user_78667,How Do I Contact Customer Support.,2024-01-01T14:57:00Z,inquiry
user_95322,Best company ever. Highly recommended,2024-01-02T04:54:00Z,praise
user_70905,Horrible experience from start to finish.,2024-01-02T04:57:00Z,complaint
user_78560,Do you have this item in a different size,2024-01-01T22:00:00Z,inquiry
user_39635,YOUR CUSTOMER SERVICE IS ABSOLUTELY TERRIBLE.,2024-01-01T15:01:00Z,complaint
user_01020,Horrible Experience From Start To Finish!,2024-01-02T05:06:00Z,complaint
user_49180,This is the worst product I have ever purchased,2024-01-02T05:09:00Z,complaint
user_84506,MY ORDER IS TAKING FOREVER. I ORDERED IT 3 WEEKS AGO!,2024-01-01T22:08:00Z,complaint
user_28230,Is there a discount code I can use.,2024-01-02T12:20:00Z,inquiry
user_44341,Fantastic service! Would definitely recommend?,2024-01-01T15:06:00Z,praise
user_79536,MY ORDER IS TAKING FOREVER. I ORDERED IT 10 DAYS AGO!,2024-01-02T19:35:00Z,complaint
user_58618,HORRIBLE EXPERIENCE FROM START TO FINISH?,2024-01-02T19:40:00Z,complaint
user_90635,AMAZING QUALITY AND FAST SHIPPING?,2024-01-01T22:18:00Z,praise
user_03828,HOW CAN I TRACK MY SHIPMENT!,2024-01-02T12:40:00Z,inquiry
user_22766,What payment methods do you accept.,2024-01-02T19:55:00Z,inquiry
user_36791,how do i contact customer support,2024-01-02T05:36:00Z,inquiry
user_74485,horrible experience from start to finish.,2024-01-02T12:52:00Z,complaint
user_68773,horrible experience from start to finish.,2024-01-02T20:10:00Z,complaint
user_31441,best company ever. highly recommended.,2024-01-01T15:15:00Z,praise
user_77713,This is exactly what I wanted. Five stars.,2024-01-02T20:20:00Z,praise
user_95296,How Can I Track My Shipment,2024-01-02T13:08:00Z,inquiry
user_41987,Love This Product! Best Purchase Ever!,2024-01-02T13:12:00Z,praise
user_99140,DO YOU HAVE THIS ITEM IN A DIFFERENT SIZE?,2024-01-02T05:57:00Z,inquiry
user_68643,This is exactly what I wanted. Five stars!,2024-01-01T22:40:00Z,praise
user_99867,I'm very disappointed with this service!,2024-01-02T20:45:00Z,complaint
user_35846,I'M VERY DISAPPOINTED WITH THIS SERVICE?,2024-01-01T22:44:00Z,complaint
user_14598,YOUR SERVICE IS OUTSTANDING.,2024-01-02T20:55:00Z,praise
user_08130,Absolutely love everything about this company!,2024-01-01T22:48:00Z,praise
user_81249,How Can I Track My Shipment!,2024-01-01T22:50:00Z,inquiry
user_71423,I Am Extremely Unsatisfied With My Purchase,2024-01-02T06:18:00Z,complaint
user_62812,how long does shipping usually take.,2024-01-02T13:48:00Z,inquiry
user_19743,My order is taking forever. I ordered it 2 weeks ago.,2024-01-01T22:56:00Z,complaint
user_00755,I am extremely unsatisfied with my purchase.,2024-01-02T06:27:00Z,complaint
user_83806,Just wanted to say thank you for the great experience,2024-01-01T23:00:00Z,praise
user_09227,do you have this item in a different size.,2024-01-02T21:35:00Z,inquiry
user_80163,I'm very disappointed with this service!,2024-01-01T23:04:00Z,complaint
user_91537,Why is my order taking so long? I ordered it 10 days ago?,2024-01-02T21:45:00Z,complaint
user_59795,Can I get a replacement for the defective unit?,2024-01-01T15:34:00Z,inquiry
user_20735,your service is outstanding,2024-01-02T21:55:00Z,praise
user_11292,WHERE CAN I FIND THE REFUND POLICY.,2024-01-01T23:12:00Z,inquiry
user_07098,This Is Exactly What I Wanted. Five Stars,2024-01-02T22:05:00Z,praise
user_42475,My package is taking forever. I packageed it 14 days ago.,2024-01-02T14:32:00Z,complaint
user_03390,this is the worst product i have ever purchased!,2024-01-01T23:18:00Z,complaint
user_19354,THIS IS THE WORST PRODUCT I HAVE EVER PURCHASED.,2024-01-02T14:40:00Z,complaint
user_48385,Horrible Experience From Start To Finish?,2024-01-02T07:03:00Z,complaint
user_84540,Do You Offer International Shipping!,2024-01-01T15:42:00Z,inquiry
user_86853,Your service is outstanding,2024-01-02T14:52:00Z,praise
user_13276,How Do I Contact Customer Support,2024-01-02T22:40:00Z,inquiry
user_60219,Love This Product! Best Purchase Ever?,2024-01-01T23:30:00Z,praise
user_57817,best company ever. highly recommended.,2024-01-01T15:46:00Z,praise
user_02613,DO YOU OFFER INTERNATIONAL SHIPPING?,2024-01-02T07:21:00Z,inquiry
user_50913,Absolutely love everything about this company!,2024-01-02T23:00:00Z,praise
user_27071,How long does shipping usually take,2024-01-01T15:49:00Z,inquiry
user_78331,DO YOU OFFER INTERNATIONAL SHIPPING?,2024-01-02T15:20:00Z,inquiry
user_17553,Why is my order taking so long? I ordered it 15 days ago!,2024-01-02T07:33:00Z,complaint
user_98171,Fantastic Service! Would Definitely Recommend?,2024-01-02T15:28:00Z,praise
user_42730,How Can I Track My Shipment?,2024-01-01T23:46:00Z,inquiry
user_70706,incredibly disappointed with the quality?,2024-01-01T23:48:00Z,complaint
user_42748,Can I Get A Replacement For The Defective Unit!,2024-01-01T23:50:00Z,inquiry
user_38917,I'M Very Disappointed With This Service.,2024-01-01T23:52:00Z,complaint
user_82803,This is the worst product I have ever purchased,2024-01-01T15:57:00Z,complaint
user_63779,Where Can I Find The Refund Policy!,2024-01-01T23:56:00Z,inquiry
user_29355,Your Customer Service Is Absolutely Terrible!,2024-01-02T23:55:00Z,complaint
user_02606,is there a discount code i can use.,2024-01-02T16:00:00Z,inquiry
user_42043,i am extremely unsatisfied with my purchase?,2024-01-03T00:05:00Z,complaint
user_03726,THIS IS EXACTLY WHAT I WANTED. FIVE STARS?,2024-01-01T16:02:00Z,praise
user_26309,I'm very disappointed with this service,2024-01-03T00:15:00Z,complaint
user_04813,what payment methods do you accept?,2024-01-01T16:04:00Z,inquiry
user_84448,i'm very disappointed with this service!,2024-01-03T00:25:00Z,complaint
user_65870,Love this product! Best purchase ever!,2024-01-02T08:18:00Z,praise
user_70625,What Payment Methods Do You Accept?,2024-01-02T00:14:00Z,inquiry
user_22098,How Long Does Shipping Usually Take.,2024-01-02T16:32:00Z,inquiry
user_46035,I am extremely unsatisfied with my purchase!,2024-01-02T00:18:00Z,complaint
user_91668,YOUR SERVICE IS OUTSTANDING?,2024-01-02T16:40:00Z,praise
user_71044,HOW CAN I TRACK MY SHIPMENT!,2024-01-01T16:11:00Z,inquiry
user_04129,Do you offer international shipping,2024-01-02T16:48:00Z,inquiry
user_85542,do you have this item in a different size!,2024-01-02T16:52:00Z,inquiry
user_47378,This Is The Worst Product I Have Ever Purchased.,2024-01-01T16:14:00Z,complaint
user_34420,Incredibly Disappointed With The Quality.,2024-01-02T17:00:00Z,complaint
user_89696,AMAZING QUALITY AND FAST SHIPPING!,2024-01-02T00:32:00Z,praise
user_21987,Horrible Experience From Start To Finish.,2024-01-03T01:25:00Z,complaint
user_40795,YOUR SERVICE IS OUTSTANDING?,2024-01-01T16:18:00Z,praise
user_69759,I'M Very Disappointed With This Service?,2024-01-02T08:57:00Z,complaint
user_33977,What Payment Methods Do You Accept.,2024-01-02T00:40:00Z,inquiry
user_21749,do you offer international shipping,2024-01-01T16:21:00Z,inquiry
user_56900,I'M Very Disappointed With This Service!,2024-01-02T09:06:00Z,complaint
user_14413,Can I get a replacement for the defective unit!,2024-01-02T09:09:00Z,inquiry
user_53785,i'm very disappointed with this service!,2024-01-02T00:48:00Z,complaint
user_66606,THIS IS EXACTLY WHAT I WANTED. FIVE STARS?,2024-01-02T17:40:00Z,praise
user_56339,Amazing Quality And Fast Shipping?,2024-01-02T00:52:00Z,praise
user_69016,i'm very disappointed with this service,2024-01-03T02:15:00Z,complaint
user_91972,i am extremely unsatisfied with my purchase?,2024-01-02T00:56:00Z,complaint
user_24692,YOUR CUSTOMER SERVICE IS ABSOLUTELY TERRIBLE,2024-01-02T00:58:00Z,complaint
user_96874,Horrible Experience From Start To Finish,2024-01-02T01:00:00Z,complaint
user_18912,What payment methods do you accept?,2024-01-02T01:02:00Z,inquiry
user_64654,I'm very disappointed with this service!,2024-01-03T02:40:00Z,complaint
user_25581,Love this product! Best purchase ever,2024-01-01T16:33:00Z,praise
user_89288,Where Can I Find The Refund Policy?,2024-01-02T09:42:00Z,inquiry
user_22127,I am extremely unsatisfied with my purchase!,2024-01-02T18:20:00Z,complaint
user_65072,do you offer international shipping.,2024-01-02T09:48:00Z,inquiry
user_48509,why is my order taking so long? i ordered it 14 days ago!,2024-01-03T03:05:00Z,complaint
user_29561,your service is outstanding.,2024-01-02T09:54:00Z,praise
user_33991,How do I contact customer support!,2024-01-02T18:36:00Z,inquiry
user_25484,i'm very disappointed with this service,2024-01-02T10:00:00Z,complaint
user_11380,Your service is outstanding!,2024-01-03T03:25:00Z,praise
user_77525,DO YOU OFFER INTERNATIONAL SHIPPING!,2024-01-02T10:06:00Z,inquiry
user_45480,How do I contact customer support?,2024-01-02T01:26:00Z,inquiry
user_62491,Fantastic service! Would definitely recommend,2024-01-01T16:44:00Z,praise
user_06671,Love this product! Best purchase ever!,2024-01-02T01:30:00Z,praise
user_34017,horrible experience from start to finish?,2024-01-01T16:46:00Z,complaint
user_62148,Best company ever. Highly recommended?,2024-01-03T03:55:00Z,praise
user_60531,Your Service Is Outstanding!,2024-01-01T16:48:00Z,praise
user_64601,Love This Product! Best Purchase Ever.,2024-01-02T19:16:00Z,praise
user_07555,THIS IS THE WORST PRODUCT I HAVE EVER PURCHASED?,2024-01-01T16:50:00Z,complaint
user_47416,Amazing Quality And Fast Shipping,2024-01-02T10:33:00Z,praise
user_45352,horrible experience from start to finish?,2024-01-01T16:52:00Z,complaint
user_42444,Do you offer international shipping?,2024-01-01T16:53:00Z,inquiry
user_30131,Do You Offer International Shipping,2024-01-02T10:42:00Z,inquiry
user_21343,your service is outstanding.,2024-01-03T04:35:00Z,praise
user_58071,CAN I GET A REPLACEMENT FOR THE DEFECTIVE UNIT!,2024-01-02T19:44:00Z,inquiry
user_35883,horrible experience from start to finish!,2024-01-02T01:54:00Z,complaint
user_48870,This Is The Worst Product I Have Ever Purchased,2024-01-02T01:56:00Z,complaint
user_76488,Can I Return An Item That Was Damaged In Shipping!,2024-01-02T19:56:00Z,inquiry
user_60221,Just wanted to say thank you for the great experience.,2024-01-02T20:00:00Z,praise
user_65359,do you offer international shipping?,2024-01-02T02:02:00Z,inquiry
user_88253,love this product! best purchase ever,2024-01-02T11:06:00Z,praise
user_49140,AMAZING QUALITY AND FAST SHIPPING,2024-01-02T11:09:00Z,praise
user_48054,THIS IS EXACTLY WHAT I WANTED. FIVE STARS?,2024-01-02T11:12:00Z,praise
user_86230,how long does shipping usually take.,2024-01-02T02:10:00Z,inquiry
user_45888,Incredibly Disappointed With The Quality.,2024-01-02T11:18:00Z,complaint
user_46847,how long does shipping usually take!,2024-01-03T05:35:00Z,inquiry
user_05006,What payment methods do you accept.,2024-01-02T11:24:00Z,inquiry
user_99077,i'm very disappointed with this service?,2024-01-02T20:36:00Z,complaint
user_77776,i am extremely unsatisfied with my purchase.,2024-01-02T20:40:00Z,complaint
user_16986,WHERE CAN I FIND THE REFUND POLICY!,2024-01-03T05:55:00Z,inquiry
user_30268,Your service is outstanding!,2024-01-02T20:48:00Z,praise
user_46805,your customer service is absolutely terrible?,2024-01-03T06:05:00Z,complaint
user_03730,Best Company Ever. Highly Recommended!,2024-01-02T20:56:00Z,praise
user_46515,what is the warranty on this item.,2024-01-02T21:00:00Z,inquiry
user_33995,Amazing Quality And Fast Shipping?,2024-01-02T11:48:00Z,praise
user_17321,Horrible experience from start to finish,2024-01-01T17:17:00Z,complaint
user_90315,DO YOU HAVE THIS ITEM IN A DIFFERENT SIZE,2024-01-02T02:36:00Z,inquiry
user_44679,MY ORDER IS TAKING FOREVER. I ORDERED IT 2 WEEKS AGO.,2024-01-01T17:19:00Z,complaint
user_66604,just wanted to say thank you for the great experience.,2024-01-02T12:00:00Z,praise
user_07928,Fantastic Service! Would Definitely Recommend!,2024-01-03T06:45:00Z,praise
user_03721,WHY IS MY ORDER TAKING SO LONG? I ORDERED IT 10 DAYS AGO,2024-01-01T17:22:00Z,complaint
user_88526,JUST WANTED TO SAY THANK YOU FOR THE GREAT EXPERIENCE.,2024-01-02T02:46:00Z,praise
user_79760,Is there a discount code I can use!,2024-01-01T17:24:00Z,inquiry
user_95100,LOVE THIS PRODUCT! BEST PURCHASE EVER,2024-01-03T07:05:00Z,praise
user_64552,WHAT PAYMENT METHODS DO YOU ACCEPT,2024-01-03T07:10:00Z,inquiry
user_84666,How Long Does Shipping Usually Take.,2024-01-02T21:48:00Z,inquiry
user_99982,CAN I RETURN AN ITEM THAT WAS DAMAGED IN SHIPPING,2024-01-01T17:28:00Z,inquiry
user_60214,INCREDIBLY DISAPPOINTED WITH THE QUALITY.,2024-01-01T17:29:00Z,complaint
user_30524,How Long Does Shipping Usually Take.,2024-01-02T12:30:00Z,inquiry
user_39003,absolutely love everything about this company,2024-01-02T12:33:00Z,praise
user_11400,Absolutely love everything about this company,2024-01-02T12:36:00Z,praise
user_28195,HOW CAN I TRACK MY SHIPMENT?,2024-01-02T12:39:00Z,inquiry
user_08195,DO YOU HAVE THIS ITEM IN A DIFFERENT SIZE!,2024-01-02T22:16:00Z,inquiry
user_08380,I AM EXTREMELY UNSATISFIED WITH MY PURCHASE!,2024-01-02T22:20:00Z,complaint
user_23663,WHAT IS THE WARRANTY ON THIS ITEM!,2024-01-02T12:48:00Z,inquiry
user_73793,Love This Product! Best Purchase Ever,2024-01-02T03:14:00Z,praise
user_36036,I Am Extremely Unsatisfied With My Purchase?,2024-01-01T17:38:00Z,complaint
user_94837,WHAT IS THE WARRANTY ON THIS ITEM!,2024-01-01T17:39:00Z,inquiry
user_22176,YOUR CUSTOMER SERVICE IS ABSOLUTELY TERRIBLE!,2024-01-03T08:20:00Z,complaint
user_23423,Your service is outstanding,2024-01-02T03:22:00Z,praise
user_85817,CAN I GET A REPLACEMENT FOR THE DEFECTIVE UNIT?,2024-01-02T13:06:00Z,inquiry
user_85529,what payment methods do you accept!,2024-01-02T22:52:00Z,inquiry
user_48111,HOW LONG DOES SHIPPING USUALLY TAKE?,2024-01-02T03:28:00Z,inquiry
user_11360,love this product! best purchase ever.,2024-01-01T17:45:00Z,praise
user_75171,Just Wanted To Say Thank You For The Great Experience,2024-01-01T17:46:00Z,praise
user_03959,This is the worst product I have ever purchased?,2024-01-02T13:21:00Z,complaint
user_23223,CAN I GET A REPLACEMENT FOR THE DEFECTIVE UNIT,2024-01-02T23:12:00Z,inquiry
user_19765,do you have this item in a different size?,2024-01-02T03:38:00Z,inquiry
user_14514,HOW CAN I TRACK MY SHIPMENT,2024-01-02T13:30:00Z,inquiry
user_07334,your service is outstanding!,2024-01-03T09:15:00Z,praise
user_68317,HOW LONG DOES SHIPPING USUALLY TAKE,2024-01-02T03:44:00Z,inquiry
user_29864,This is the worst product I have ever purchased.,2024-01-02T13:39:00Z,complaint
user_71388,AMAZING QUALITY AND FAST SHIPPING.,2024-01-03T09:30:00Z,praise
user_44747,Amazing quality and fast shipping.,2024-01-02T03:50:00Z,praise
user_40115,ABSOLUTELY LOVE EVERYTHING ABOUT THIS COMPANY!,2024-01-01T17:56:00Z,praise
user_41044,JUST WANTED TO SAY THANK YOU FOR THE GREAT EXPERIENCE!,2024-01-02T03:54:00Z,praise
user_55907,How long does shipping usually take.,2024-01-02T03:56:00Z,inquiry
user_97263,Just wanted to say thank you for the great experience?,2024-01-02T13:57:00Z,praise
user_86520,Horrible experience from start to finish?,2024-01-01T18:00:00Z,complaint
user_20917,best company ever. highly recommended!,2024-01-02T14:03:00Z,praise
user_85269,How Do I Contact Customer Support?,2024-01-03T10:10:00Z,inquiry
user_86563,Love this product! Best purchase ever?,2024-01-02T14:09:00Z,praise
user_85756,ABSOLUTELY LOVE EVERYTHING ABOUT THIS COMPANY,2024-01-02T14:12:00Z,praise
user_21565,How Do I Contact Customer Support?,2024-01-02T14:15:00Z,inquiry
user_29618,Where can I find the refund policy.,2024-01-03T00:24:00Z,inquiry
user_70351,Amazing quality and fast shipping,2024-01-02T04:14:00Z,praise
user_43445,Fantastic service! Would definitely recommend?,2024-01-02T04:16:00Z,praise
user_31834,BEST COMPANY EVER. HIGHLY RECOMMENDED?,2024-01-02T14:27:00Z,praise
user_33066,YOUR SERVICE IS OUTSTANDING,2024-01-03T00:40:00Z,praise
user_83011,DO YOU HAVE THIS ITEM IN A DIFFERENT SIZE?,2024-01-03T00:44:00Z,inquiry
user_24031,what is the warranty on this item?,2024-01-03T00:48:00Z,inquiry
user_07036,can i get a replacement for the defective unit!,2024-01-03T11:05:00Z,inquiry
user_47296,Do You Have This Item In A Different Size?,2024-01-03T00:56:00Z,inquiry
user_70927,Do you offer international shipping.,2024-01-03T01:00:00Z,inquiry
user_21388,Do You Have This Item In A Different Size!,2024-01-01T18:16:00Z,inquiry
user_92092,amazing quality and fast shipping,2024-01-03T11:25:00Z,praise
user_67158,fantastic service! would definitely recommend?,2024-01-03T11:30:00Z,praise
user_26178,LOVE THIS PRODUCT! BEST PURCHASE EVER?,2024-01-01T18:19:00Z,praise
user_78068,LOVE THIS PRODUCT! BEST PURCHASE EVER!,2024-01-03T11:40:00Z,praise
user_18603,Where can I find the refund policy.,2024-01-03T01:24:00Z,inquiry
user_91424,HOW CAN I TRACK MY SHIPMENT?,2024-01-03T01:28:00Z,inquiry
user_79615,I'M VERY DISAPPOINTED WITH THIS SERVICE!,2024-01-02T15:09:00Z,complaint
user_54577,AMAZING QUALITY AND FAST SHIPPING?,2024-01-01T18:24:00Z,praise
user_33534,BEST COMPANY EVER. HIGHLY RECOMMENDED,2024-01-02T04:50:00Z,praise
user_10342,your service is outstanding?,2024-01-01T18:26:00Z,praise
user_58410,This is exactly what I wanted. Five stars?,2024-01-02T04:54:00Z,praise
user_25203,Do You Offer International Shipping.,2024-01-02T04:56:00Z,inquiry
user_39500,Absolutely love everything about this company!,2024-01-03T12:25:00Z,praise
user_80643,CAN I RETURN AN ITEM THAT WAS DAMAGED IN SHIPPING,2024-01-01T18:30:00Z,inquiry
user_81674,horrible experience from start to finish?,2024-01-02T05:02:00Z,complaint
user_61260,Your Service Is Outstanding.,2024-01-02T15:36:00Z,praise
user_69686,do you have this item in a different size?,2024-01-01T18:33:00Z,inquiry
user_37269,DO YOU OFFER INTERNATIONAL SHIPPING!,2024-01-03T02:16:00Z,inquiry
user_51150,just wanted to say thank you for the wonderful experience?,2024-01-02T15:45:00Z,praise
user_12315,Horrible Experience From Start To Finish?,2024-01-03T02:24:00Z,complaint
user_99457,ABSOLUTELY LOVE EVERYTHING ABOUT THIS COMPANY.,2024-01-03T02:28:00Z,praise
user_69681,This Is Exactly What I Wanted. Five Stars.,2024-01-03T13:10:00Z,praise
user_67634,MY ORDER IS TAKING FOREVER. I ORDERED IT A WEEK AGO.,2024-01-03T13:15:00Z,complaint
user_44490,just wanted to say thank you for the fantastic experience.,2024-01-02T05:20:00Z,praise
user_83442,I'm very disappointed with this service?,2024-01-03T13:25:00Z,complaint
user_94895,Can I return an item that was damaged in shipping.,2024-01-03T02:48:00Z,inquiry
user_22789,This is the worst product I have ever purchased.,2024-01-02T05:26:00Z,complaint
user_75728,I'M Very Disappointed With This Service?,2024-01-01T18:44:00Z,complaint
user_77302,IS THERE A DISCOUNT CODE I CAN USE.,2024-01-01T18:45:00Z,inquiry
user_82327,JUST WANTED TO SAY THANK YOU FOR THE GREAT EXPERIENCE?,2024-01-03T13:50:00Z,praise
user_46035,What is the warranty on this item,2024-01-02T16:21:00Z,inquiry
user_67798,Your Customer Service Is Absolutely Terrible,2024-01-03T14:00:00Z,complaint
user_28587,DO YOU HAVE THIS ITEM IN A DIFFERENT SIZE?,2024-01-01T18:49:00Z,inquiry
user_75496,Why is my order taking so long? I ordered it 10 days ago!,2024-01-02T05:40:00Z,complaint
user_70147,Your customer service is absolutely terrible!,2024-01-03T14:15:00Z,complaint
user_06004,Your service is outstanding.,2024-01-02T16:36:00Z,praise
user_00133,YOUR SERVICE IS OUTSTANDING,2024-01-01T18:53:00Z,praise
user_98648,DO YOU OFFER INTERNATIONAL SHIPPING.,2024-01-02T16:42:00Z,inquiry
user_26455,your customer service is absolutely terrible!,2024-01-01T18:55:00Z,complaint
user_21869,what payment methods do you accept.,2024-01-02T05:52:00Z,inquiry
user_27216,amazing quality and fast shipping.,2024-01-01T18:57:00Z,praise
user_01015,fantastic service! would definitely recommend!,2024-01-02T16:54:00Z,praise
user_15938,How Can I Track My Shipment?,2024-01-01T18:59:00Z,inquiry
user_07785,HOW CAN I TRACK MY SHIPMENT,2024-01-01T19:00:00Z,inquiry
user_88748,how long does shipping usually take!,2024-01-01T19:01:00Z,inquiry
user_95250,Absolutely Love Everything About This Company.,2024-01-03T15:10:00Z,praise
user_86914,How Do I Contact Customer Support?,2024-01-03T04:12:00Z,inquiry
user_82513,HOW CAN I TRACK MY SHIPMENT.,2024-01-03T04:16:00Z,inquiry
user_56187,Your Customer Service Is Absolutely Terrible?,2024-01-02T06:10:00Z,complaint
user_49269,horrible experience from start to finish?,2024-01-03T15:30:00Z,complaint
user_30053,horrible experience from start to finish!,2024-01-03T04:28:00Z,complaint
user_10388,amazing quality and fast shipping!,2024-01-03T04:32:00Z,praise
user_12822,WHAT IS THE WARRANTY ON THIS ITEM,2024-01-03T15:45:00Z,inquiry
user_80982,your service is outstanding,2024-01-02T17:30:00Z,praise
user_43722,JUST WANTED TO SAY THANK YOU FOR THE GREAT EXPERIENCE!,2024-01-02T17:33:00Z,praise
user_67725,Amazing Quality And Fast Shipping!,2024-01-03T04:48:00Z,praise
user_85600,This Is Exactly What I Wanted. Five Stars.,2024-01-02T06:26:00Z,praise
user_74920,JUST WANTED TO SAY THANK YOU FOR THE GREAT EXPERIENCE!,2024-01-03T04:56:00Z,praise
user_58459,just wanted to say thank you for the fantastic experience?,2024-01-01T19:15:00Z,praise
user_72000,amazing quality and fast shipping.,2024-01-02T17:48:00Z,praise
user_50827,why is my package taking so long? i packageed it 14 days ago,2024-01-02T17:51:00Z,complaint
user_74558,Why Is My Order Taking So Long? I Ordered It A Week Ago,2024-01-02T06:36:00Z,complaint
user_13374,CAN I RETURN AN ITEM THAT WAS DAMAGED IN SHIPPING?,2024-01-02T17:57:00Z,inquiry
user_98077,how long does shipping usually take.,2024-01-02T18:00:00Z,inquiry
user_93348,My Order Is Taking Forever. I Ordered It 2 Weeks Ago.,2024-01-03T16:45:00Z,complaint
user_56244,I'm very disappointed with this service.,2024-01-01T19:22:00Z,complaint
user_27109,How Can I Track My Shipment,2024-01-02T06:46:00Z,inquiry
user_08624,HOW LONG DOES SHIPPING USUALLY TAKE,2024-01-03T17:00:00Z,inquiry
user_99207,just wanted to say thank you for the wonderful experience,2024-01-02T06:50:00Z,praise
user_46041,FANTASTIC SERVICE! WOULD DEFINITELY RECOMMEND?,2024-01-02T18:18:00Z,praise
user_75930,What Payment Methods Do You Accept.,2024-01-01T19:27:00Z,inquiry
user_74844,do you have this item in a different size,2024-01-03T17:20:00Z,inquiry
user_84601,What Is The Warranty On This Item,2024-01-02T18:27:00Z,inquiry
user_36780,absolutely love everything about this company?,2024-01-02T07:00:00Z,praise
user_25558,WHERE CAN I FIND THE REFUND POLICY?,2024-01-02T18:33:00Z,inquiry
user_28741,Can I Get A Replacement For The Defective Unit,2024-01-02T18:36:00Z,inquiry
user_04664,BEST COMPANY EVER. HIGHLY RECOMMENDED,2024-01-03T17:45:00Z,praise
user_95586,CAN I RETURN AN ITEM THAT WAS DAMAGED IN SHIPPING!,2024-01-02T18:42:00Z,inquiry
user_95128,What Is The Warranty On This Item.,2024-01-02T18:45:00Z,inquiry
user_26157,what is the warranty on this item?,2024-01-03T06:24:00Z,inquiry
user_66716,Amazing quality and fast shipping,2024-01-02T07:14:00Z,praise
user_43102,I AM EXTREMELY UNSATISFIED WITH MY PURCHASE!,2024-01-01T19:38:00Z,complaint
user_83586,I'm very disappointed with this service?,2024-01-01T19:39:00Z,complaint
user_11790,horrible experience from start to finish!,2024-01-02T07:20:00Z,complaint
user_33347,ABSOLUTELY LOVE EVERYTHING ABOUT THIS COMPANY.,2024-01-02T07:22:00Z,praise
user_28192,amazing quality and fast shipping!,2024-01-03T06:48:00Z,praise
user_42151,Can I return an item that was damaged in shipping,2024-01-02T07:26:00Z,inquiry
user_64885,i'm very disappointed with this service?,2024-01-01T19:44:00Z,complaint
user_96226,how do i contact customer support?,2024-01-02T19:15:00Z,inquiry
user_17203,My Order Is Taking Forever. I Ordered It 15 Days Ago,2024-01-03T18:50:00Z,complaint
user_34182,can i return an item that was damaged in shipping?,2024-01-03T07:08:00Z,inquiry
user_00443,Can I Return An Item That Was Damaged In Shipping?,2024-01-03T07:12:00Z,inquiry
user_69682,Fantastic Service! Would Definitely Recommend,2024-01-02T07:38:00Z,praise
user_00840,I am extremely unsatisfied with my purchase,2024-01-03T07:20:00Z,complaint
user_54484,CAN I GET A REPLACEMENT FOR THE DEFECTIVE UNIT!,2024-01-01T19:51:00Z,inquiry
user_65656,Is there a discount code I can use!,2024-01-03T19:20:00Z,inquiry
user_88691,Fantastic service! Would definitely recommend,2024-01-01T19:53:00Z,praise
user_44328,do you have this item in a different size.,2024-01-02T07:48:00Z,inquiry
user_06911,absolutely love everything about this company!,2024-01-02T07:50:00Z,praise
user_38464,YOUR SERVICE IS OUTSTANDING,2024-01-03T19:40:00Z,praise
user_04153,WHAT IS THE WARRANTY ON THIS ITEM?,2024-01-01T19:57:00Z,inquiry
user_44862,Incredibly Disappointed With The Quality.,2024-01-02T07:56:00Z,complaint
user_31601,I'M VERY DISAPPOINTED WITH THIS SERVICE.,2024-01-03T07:56:00Z,complaint
user_82856,I'M VERY DISAPPOINTED WITH THIS SERVICE.,2024-01-02T08:00:00Z,complaint
user_46086,This is exactly what I wanted. Five stars,2024-01-02T08:02:00Z,praise
user_22021,HOW CAN I TRACK MY SHIPMENT,2024-01-03T20:10:00Z,inquiry
user_19671,Horrible experience from start to finish.,2024-01-01T20:03:00Z,complaint
user_01673,What Is The Warranty On This Item?,2024-01-02T20:12:00Z,inquiry
user_58238,Just Wanted To Say Thank You For The Great Experience!,2024-01-01T20:05:00Z,praise
user_76709,Why is my order taking so long? I ordered it 15 days ago,2024-01-02T20:18:00Z,complaint
user_41111,IS THERE A DISCOUNT CODE I CAN USE?,2024-01-01T20:07:00Z,inquiry
user_11525,Where can I find the refund policy.,2024-01-03T20:40:00Z,inquiry
user_79175,This is the worst product I have ever purchased!,2024-01-03T08:36:00Z,complaint
user_59308,WHY IS MY ORDER TAKING SO LONG? I ORDERED IT 15 DAYS AGO.,2024-01-03T08:40:00Z,complaint
user_81430,DO YOU HAVE THIS ITEM IN A DIFFERENT SIZE.,2024-01-01T20:11:00Z,inquiry
user_79175,How do I contact customer support?,2024-01-01T20:12:00Z,inquiry
user_28164,Your service is outstanding,2024-01-01T20:13:00Z,praise
user_28542,Your Service Is Outstanding!,2024-01-03T21:10:00Z,praise
user_70694,Can I get a replacement for the defective unit!,2024-01-02T08:30:00Z,inquiry
user_67154,this is exactly what i wanted. five stars!,2024-01-01T20:16:00Z,praise
user_99046,THIS IS EXACTLY WHAT I WANTED. FIVE STARS?,2024-01-02T20:51:00Z,praise
user_57064,THIS IS EXACTLY WHAT I WANTED. FIVE STARS,2024-01-03T09:12:00Z,praise
user_68130,MY ORDER IS TAKING FOREVER. I ORDERED IT 14 DAYS AGO,2024-01-02T20:57:00Z,complaint
user_39727,how long does shipping usually take,2024-01-01T20:20:00Z,inquiry
user_30654,My Order Is Taking Forever. I Ordered It 15 Days Ago!,2024-01-02T08:42:00Z,complaint
user_74879,Amazing Quality And Fast Shipping,2024-01-02T08:44:00Z,praise
user_19708,I am extremely unsatisfied with my purchase,2024-01-03T09:32:00Z,complaint
user_54021,Do You Offer International Shipping?,2024-01-03T22:00:00Z,inquiry
user_98576,Do you offer international shipping!,2024-01-02T21:15:00Z,inquiry
user_68435,amazing quality and fast shipping!,2024-01-02T08:52:00Z,praise
user_74642,do you have this item in a different size!,2024-01-02T21:21:00Z,inquiry
user_16604,What is the warranty on this item?,2024-01-02T08:56:00Z,inquiry
user_67422,Your customer service is absolutely terrible.,2024-01-03T09:56:00Z,complaint
user_13331,Do you have this item in a different size!,2024-01-02T21:30:00Z,inquiry
user_60280,Just Wanted To Say Thank You For The Great Experience?,2024-01-03T22:35:00Z,praise
user_49797,How Can I Track My Shipment.,2024-01-01T20:32:00Z,inquiry
user_84817,Your Service Is Outstanding!,2024-01-03T10:12:00Z,praise
user_20739,Your service is outstanding,2024-01-03T22:50:00Z,praise
user_66152,Amazing quality and fast shipping!,2024-01-01T20:35:00Z,praise
user_56035,best company ever. highly recommended,2024-01-02T09:12:00Z,praise
user_82902,WHAT PAYMENT METHODS DO YOU ACCEPT.,2024-01-01T20:37:00Z,inquiry
user_84409,Do you offer international shipping?,2024-01-02T21:54:00Z,inquiry
user_77625,Absolutely love everything about this company?,2024-01-01T20:39:00Z,praise
user_13579,This Is Exactly What I Wanted. Five Stars,2024-01-01T20:40:00Z,praise
user_57099,THIS IS EXACTLY WHAT I WANTED. FIVE STARS?,2024-01-02T09:22:00Z,praise
user_38429,This is exactly what I wanted. Five stars?,2024-01-01T20:42:00Z,praise
user_59335,My Order Is Taking Forever. I Ordered It 2 Weeks Ago.,2024-01-01T20:43:00Z,complaint
user_59293,Best Company Ever. Highly Recommended?,2024-01-02T09:28:00Z,praise
user_69439,i am extremely unsatisfied with my purchase?,2024-01-03T11:00:00Z,complaint
user_22646,this is exactly what i wanted. five stars.,2024-01-02T09:32:00Z,praise
user_37100,I'M VERY DISAPPOINTED WITH THIS SERVICE!,2024-01-02T09:34:00Z,complaint
user_90370,How can I track my shipment.,2024-01-04T00:00:00Z,inquiry
user_32873,can i get a replacement for the defective unit.,2024-01-01T20:49:00Z,inquiry
user_57830,Do You Offer International Shipping?,2024-01-02T22:30:00Z,inquiry
user_47309,My Order Is Taking Forever. I Ordered It 2 Weeks Ago.,2024-01-01T20:51:00Z,complaint
user_36068,can i return an item that was damaged in shipping.,2024-01-01T20:52:00Z,inquiry
user_70227,I'm very disappointed with this service?,2024-01-02T09:46:00Z,complaint
user_96163,This is the worst product I have ever purchased,2024-01-04T00:30:00Z,complaint
user_30186,This Is Exactly What I Wanted. Five Stars?,2024-01-02T09:50:00Z,praise
user_08118,Best Company Ever. Highly Recommended?,2024-01-02T22:48:00Z,praise
user_40033,Love this product! Best purchase ever,2024-01-01T20:57:00Z,praise
user_72530,Incredibly disappointed with the quality.,2024-01-03T11:52:00Z,complaint
user_53527,JUST WANTED TO SAY THANK YOU FOR THE GREAT EXPERIENCE.,2024-01-02T22:57:00Z,praise
user_57428,do you offer international shipping,2024-01-01T21:00:00Z,inquiry
user_07451,I AM EXTREMELY UNSATISFIED WITH MY PURCHASE.,2024-01-04T01:05:00Z,complaint
user_40735,Is There A Discount Code I Can Use.,2024-01-04T01:10:00Z,inquiry
user_65886,WHERE CAN I FIND THE REFUND POLICY?,2024-01-03T12:12:00Z,inquiry
user_56087,do you have this item in a different size!,2024-01-02T23:12:00Z,inquiry
user_28281,just wanted to say thank you for the awesome experience,2024-01-02T23:15:00Z,praise
user_39596,I'M VERY DISAPPOINTED WITH THIS SERVICE,2024-01-03T12:24:00Z,complaint
user_38873,YOUR CUSTOMER SERVICE IS ABSOLUTELY TERRIBLE?,2024-01-02T10:14:00Z,complaint
user_42087,horrible experience from start to finish?,2024-01-03T12:32:00Z,complaint
user_19132,My Order Is Taking Forever. I Ordered It 3 Weeks Ago!,2024-01-03T12:36:00Z,complaint
user_08161,I'm very disappointed with this service?,2024-01-03T12:40:00Z,complaint
user_64543,Love This Product! Best Purchase Ever.,2024-01-03T12:44:00Z,praise
user_13866,INCREDIBLY DISAPPOINTED WITH THE QUALITY.,2024-01-04T02:00:00Z,complaint
user_43096,Can I get a replacement for the defective unit!,2024-01-02T23:39:00Z,inquiry
user_97573,Incredibly Disappointed With The Quality?,2024-01-01T21:14:00Z,complaint
user_18926,Can I get a replacement for the defective unit.,2024-01-02T10:30:00Z,inquiry
user_28621,Love This Product! Best Purchase Ever.,2024-01-04T02:20:00Z,praise
user_43010,Your Service Is Outstanding?,2024-01-04T02:25:00Z,praise
user_93265,my order is taking forever. i ordered it 15 days ago?,2024-01-03T13:12:00Z,complaint
user_75768,AMAZING QUALITY AND FAST SHIPPING!,2024-01-03T13:16:00Z,praise
user_33630,I Am Extremely Unsatisfied With My Purchase,2024-01-04T02:40:00Z,complaint
user_20944,this is exactly what i wanted. five stars,2024-01-01T21:21:00Z,praise
user_16994,Amazing Quality And Fast Shipping?,2024-01-02T10:44:00Z,praise
user_57702,i am extremely unsatisfied with my purchase.,2024-01-01T21:23:00Z,complaint
user_19056,Just Wanted To Say Thank You For The Great Experience!,2024-01-01T21:24:00Z,praise
user_69502,Just Wanted To Say Thank You For The Great Experience!,2024-01-01T21:25:00Z,praise
user_74849,I'm very disappointed with this service,2024-01-04T03:10:00Z,complaint
user_91748,THIS IS EXACTLY WHAT I WANTED. FIVE STARS,2024-01-02T10:54:00Z,praise
user_84638,Fantastic service! Would definitely recommend?,2024-01-03T00:24:00Z,praise
user_61372,Can I get a replacement for the defective unit,2024-01-02T10:58:00Z,inquiry
user_57195,best company ever. highly recommended!,2024-01-01T21:30:00Z,praise
user_36523,is there a discount code i can use!,2024-01-02T11:02:00Z,inquiry
user_66776,how long does shipping usually take!,2024-01-03T00:36:00Z,inquiry
user_63328,incredibly disappointed with the quality.,2024-01-03T00:39:00Z,complaint
user_00300,This Is The Worst Product I Have Ever Purchased?,2024-01-02T11:08:00Z,complaint
user_84931,Just Wanted To Say Thank You For The Great Experience,2024-01-02T11:10:00Z,praise
user_14606,your service is outstanding?,2024-01-02T11:12:00Z,praise
user_88504,How long does shipping usually take,2024-01-01T21:37:00Z,inquiry
user_61841,LOVE THIS PRODUCT! BEST PURCHASE EVER.,2024-01-03T14:32:00Z,praise
user_20637,CAN I RETURN AN ITEM THAT WAS DAMAGED IN SHIPPING,2024-01-04T04:15:00Z,inquiry
user_70074,FANTASTIC SERVICE! WOULD DEFINITELY RECOMMEND.,2024-01-04T04:20:00Z,praise
user_35706,this is exactly what i wanted. five stars,2024-01-02T11:22:00Z,praise
user_57972,I'm very disappointed with this service.,2024-01-03T14:48:00Z,complaint
user_65223,ABSOLUTELY LOVE EVERYTHING ABOUT THIS COMPANY,2024-01-04T04:35:00Z,praise
user_00118,YOUR CUSTOMER SERVICE IS ABSOLUTELY TERRIBLE?,2024-01-04T04:40:00Z,complaint
user_81685,this is the worst product i have ever purchased?,2024-01-03T01:15:00Z,complaint
user_85862,this is the worst product i have ever purchased!,2024-01-02T11:32:00Z,complaint
user_69921,HOW DO I CONTACT CUSTOMER SUPPORT.,2024-01-03T01:21:00Z,inquiry
user_40000,what is the warranty on this item.,2024-01-04T05:00:00Z,inquiry
user_72990,what payment methods do you accept.,2024-01-03T01:27:00Z,inquiry
user_09019,I'M VERY DISAPPOINTED WITH THIS SERVICE,2024-01-01T21:50:00Z,complaint
user_96504,Best company ever. Highly recommended,2024-01-01T21:51:00Z,praise
user_02329,HOW LONG DOES SHIPPING USUALLY TAKE?,2024-01-03T01:36:00Z,inquiry
user_38117,Where Can I Find The Refund Policy,2024-01-02T11:46:00Z,inquiry
user_48611,i'm very disappointed with this service!,2024-01-03T01:42:00Z,complaint
user_84079,My Order Is Taking Forever. I Ordered It 10 Days Ago?,2024-01-03T15:40:00Z,complaint
user_54824,i am extremely unsatisfied with my purchase?,2024-01-01T21:56:00Z,complaint
user_69070,absolutely love everything about this company?,2024-01-03T15:48:00Z,praise
user_86345,i am extremely unsatisfied with my purchase?,2024-01-03T15:52:00Z,complaint
user_51998,Do You Have This Item In A Different Size.,2024-01-02T11:58:00Z,inquiry
user_19745,What Payment Methods Do You Accept!,2024-01-02T12:00:00Z,inquiry
user_88332,Horrible experience from start to finish,2024-01-04T06:05:00Z,complaint
user_59239,how do i contact customer support.,2024-01-01T22:02:00Z,inquiry
user_06444,AMAZING QUALITY AND FAST SHIPPING?,2024-01-01T22:03:00Z,praise
user_54270,i am extremely unsatisfied with my purchase,2024-01-03T02:12:00Z,complaint
user_67034,My Order Is Taking Forever. I Ordered It 15 Days Ago.,2024-01-02T12:10:00Z,complaint
user_80448,My Order Is Taking Forever. I Ordered It A Week Ago!,2024-01-04T06:30:00Z,complaint
user_51326,YOUR SERVICE IS OUTSTANDING.,2024-01-03T16:28:00Z,praise
user_37017,IS THERE A DISCOUNT CODE I CAN USE.,2024-01-01T22:08:00Z,inquiry
user_63486,AMAZING QUALITY AND FAST SHIPPING!,2024-01-02T12:18:00Z,praise
user_84859,THIS IS THE WORST PRODUCT I HAVE EVER PURCHASED!,2024-01-03T02:30:00Z,complaint
user_53856,MY ORDER IS TAKING FOREVER. I ORDERED IT 10 DAYS AGO?,2024-01-03T02:33:00Z,complaint
user_58521,Incredibly Disappointed With The Quality!,2024-01-01T22:12:00Z,complaint
user_58699,HOW DO I CONTACT CUSTOMER SUPPORT,2024-01-01T22:13:00Z,inquiry
user_08984,LOVE THIS PRODUCT! BEST PURCHASE EVER.,2024-01-01T22:14:00Z,praise
user_88875,DO YOU HAVE THIS ITEM IN A DIFFERENT SIZE!,2024-01-04T07:15:00Z,inquiry
user_62985,Do You Have This Item In A Different Size,2024-01-01T22:16:00Z,inquiry
user_35382,Best Company Ever. Highly Recommended,2024-01-03T02:51:00Z,praise
user_94125,can i return an item that was damaged in shipping,2024-01-02T12:36:00Z,inquiry
user_49379,Best company ever. Highly recommended?,2024-01-04T07:35:00Z,praise
user_27396,My Order Is Taking Forever. I Ordered It 10 Days Ago?,2024-01-03T17:20:00Z,complaint
user_80504,Do You Have This Item In A Different Size?,2024-01-04T07:45:00Z,inquiry
user_56606,How do I contact customer support,2024-01-04T07:50:00Z,inquiry
user_98845,FANTASTIC SERVICE! WOULD DEFINITELY RECOMMEND!,2024-01-02T12:46:00Z,praise
user_84645,How Long Does Shipping Usually Take.,2024-01-04T08:00:00Z,inquiry
user_87883,YOUR CUSTOMER SERVICE IS ABSOLUTELY TERRIBLE,2024-01-03T03:15:00Z,complaint
user_49822,Do You Offer International Shipping?,2024-01-04T08:10:00Z,inquiry
user_77904,LOVE THIS PRODUCT! BEST PURCHASE EVER,2024-01-04T08:15:00Z,praise
user_58100,My Order Is Taking Forever. I Ordered It 14 Days Ago?,2024-01-03T03:24:00Z,complaint
user_46918,HOW DO I CONTACT CUSTOMER SUPPORT?,2024-01-02T12:58:00Z,inquiry
user_22438,your customer service is absolutely terrible,2024-01-03T03:30:00Z,complaint
user_77588,Love this product! Best purchase ever.,2024-01-01T22:31:00Z,praise
user_98694,How long does shipping usually take.,2024-01-03T03:36:00Z,inquiry
user_92275,Where can I find the refund policy!,2024-01-03T03:39:00Z,inquiry
user_76826,CAN I RETURN AN ITEM THAT WAS DAMAGED IN SHIPPING?,2024-01-01T22:34:00Z,inquiry
user_36049,best company ever. highly recommended.,2024-01-03T18:20:00Z,praise
user_05612,Your Service Is Outstanding!,2024-01-04T09:00:00Z,praise
user_45278,your customer service is absolutely terrible.,2024-01-01T22:37:00Z,complaint
user_31829,do you have this item in a different size.,2024-01-04T09:10:00Z,inquiry
user_83583,Incredibly disappointed with the quality.,2024-01-04T09:15:00Z,complaint
user_57781,Fantastic service! Would definitely recommend!,2024-01-01T22:40:00Z,praise
user_26441,LOVE THIS PRODUCT! BEST PURCHASE EVER,2024-01-04T09:25:00Z,praise
user_07177,What is the warranty on this item?,2024-01-03T04:06:00Z,inquiry
user_71498,How do I contact customer support,2024-01-01T22:43:00Z,inquiry
user_69557,JUST WANTED TO SAY THANK YOU FOR THE GREAT EXPERIENCE,2024-01-02T13:28:00Z,praise
user_76042,This is exactly what I wanted. Five stars.,2024-01-04T09:45:00Z,praise
user_77206,What Is The Warranty On This Item?,2024-01-04T09:50:00Z,inquiry
user_25061,love this product! best purchase ever.,2024-01-04T09:55:00Z,praise
user_38478,WHERE CAN I FIND THE REFUND POLICY!,2024-01-03T19:12:00Z,inquiry
user_48148,LOVE THIS PRODUCT! BEST PURCHASE EVER!,2024-01-03T19:16:00Z,praise
user_75186,Just Wanted To Say Thank You For The Great Experience,2024-01-03T04:30:00Z,praise
user_91073,YOUR CUSTOMER SERVICE IS ABSOLUTELY TERRIBLE?,2024-01-03T19:24:00Z,complaint
user_77063,Horrible experience from start to finish!,2024-01-03T04:36:00Z,complaint
user_62403,What payment methods do you accept?,2024-01-01T22:53:00Z,inquiry
user_63399,Where Can I Find The Refund Policy?,2024-01-01T22:54:00Z,inquiry
user_88178,fantastic service! would definitely recommend!,2024-01-04T10:35:00Z,praise
user_67764,do you offer international shipping,2024-01-03T19:44:00Z,inquiry
user_43118,CAN I GET A REPLACEMENT FOR THE DEFECTIVE UNIT.,2024-01-03T19:48:00Z,inquiry
user_34150,Your Customer Service Is Absolutely Terrible!,2024-01-01T22:58:00Z,complaint
user_75106,THIS IS THE WORST PRODUCT I HAVE EVER PURCHASED!,2024-01-04T10:55:00Z,complaint
user_22524,How Do I Contact Customer Support?,2024-01-03T20:00:00Z,inquiry
user_55615,Love This Product! Best Purchase Ever?,2024-01-03T05:03:00Z,praise
user_02975,can i return an item that was damaged in shipping?,2024-01-03T20:08:00Z,inquiry
user_13997,ABSOLUTELY LOVE EVERYTHING ABOUT THIS COMPANY,2024-01-01T23:03:00Z,praise
user_82057,best company ever. highly recommended?,2024-01-01T23:04:00Z,praise
user_89539,Just wanted to say thank you for the great experience?,2024-01-03T20:20:00Z,praise
user_66994,your customer service is absolutely terrible.,2024-01-04T11:30:00Z,complaint
user_95636,IS THERE A DISCOUNT CODE I CAN USE.,2024-01-04T11:35:00Z,inquiry
user_42476,WHERE CAN I FIND THE REFUND POLICY?,2024-01-03T05:24:00Z,inquiry
user_36879,Can I Return An Item That Was Damaged In Shipping?,2024-01-01T23:09:00Z,inquiry
user_92387,How long does shipping usually take.,2024-01-01T23:10:00Z,inquiry
user_89605,Your Service Is Outstanding?,2024-01-04T11:55:00Z,praise
user_47034,Horrible experience from start to finish,2024-01-01T23:12:00Z,complaint
user_09945,Absolutely love everything about this company,2024-01-04T12:05:00Z,praise
user_80056,do you offer international shipping?,2024-01-03T20:56:00Z,inquiry
user_29721,How do I contact customer support.,2024-01-03T05:45:00Z,inquiry
user_62713,Incredibly disappointed with the quality!,2024-01-04T12:20:00Z,complaint
user_11885,Can I Return An Item That Was Damaged In Shipping,2024-01-01T23:17:00Z,inquiry
user_52672,Can I get a replacement for the defective unit!,2024-01-01T23:18:00Z,inquiry
user_37117,I'M VERY DISAPPOINTED WITH THIS SERVICE?,2024-01-03T05:57:00Z,complaint
user_16220,Can I return an item that was damaged in shipping?,2024-01-03T06:00:00Z,inquiry
user_55763,how can i track my shipment!,2024-01-03T06:03:00Z,inquiry
user_10959,Fantastic Service! Would Definitely Recommend?,2024-01-04T12:50:00Z,praise
user_46593,why is my order taking so long? i ordered it 10 days ago!,2024-01-04T12:55:00Z,complaint
user_77175,This Is Exactly What I Wanted. Five Stars?,2024-01-01T23:24:00Z,praise
user_07550,how long does shipping usually take.,2024-01-03T21:40:00Z,inquiry
user_17808,I'M Very Disappointed With This Service!,2024-01-03T21:44:00Z,complaint
user_28624,this is the worst product i have ever purchased.,2024-01-04T13:15:00Z,complaint
user_85535,Your Customer Service Is Absolutely Terrible.,2024-01-03T21:52:00Z,complaint
user_15410,How do I contact customer support,2024-01-04T13:25:00Z,inquiry
user_09438,horrible experience from start to finish,2024-01-02T15:00:00Z,complaint
user_68044,AMAZING QUALITY AND FAST SHIPPING.,2024-01-03T22:04:00Z,praise
user_43797,Horrible Experience From Start To Finish.,2024-01-02T15:04:00Z,complaint
user_74723,Your Service Is Outstanding.,2024-01-04T13:45:00Z,praise
user_93861,DO YOU OFFER INTERNATIONAL SHIPPING?,2024-01-02T15:08:00Z,inquiry
user_55962,WHAT PAYMENT METHODS DO YOU ACCEPT?,2024-01-03T06:45:00Z,inquiry
user_29570,Horrible Experience From Start To Finish?,2024-01-03T06:48:00Z,complaint
user_58519,Absolutely Love Everything About This Company?,2024-01-04T14:05:00Z,praise
user_43689,Amazing Quality And Fast Shipping.,2024-01-04T14:10:00Z,praise
user_19844,My Order Is Taking Forever. I Ordered It 3 Weeks Ago.,2024-01-01T23:39:00Z,complaint
user_21267,amazing quality and fast shipping.,2024-01-04T14:20:00Z,praise
user_88841,your customer service is absolutely terrible!,2024-01-03T07:03:00Z,complaint
user_20348,How can I track my shipment,2024-01-03T07:06:00Z,inquiry
user_62392,I am extremely unsatisfied with my purchase.,2024-01-04T14:35:00Z,complaint
user_35662,fantastic service! would definitely recommend!,2024-01-02T15:28:00Z,praise
user_96745,What payment methods do you accept!,2024-01-01T23:45:00Z,inquiry
user_12747,your customer service is absolutely terrible,2024-01-03T07:18:00Z,complaint
user_55407,best company ever. highly recommended,2024-01-03T23:08:00Z,praise
user_64717,WHERE CAN I FIND THE REFUND POLICY!,2024-01-01T23:48:00Z,inquiry
user_10056,YOUR SERVICE IS OUTSTANDING!,2024-01-02T15:38:00Z,praise
user_14725,What is the warranty on this item!,2024-01-04T15:10:00Z,inquiry
user_23830,THIS IS THE WORST PRODUCT I HAVE EVER PURCHASED.,2024-01-01T23:51:00Z,complaint
user_78936,I'm very disappointed with this service?,2024-01-01T23:52:00Z,complaint
user_19990,YOUR CUSTOMER SERVICE IS ABSOLUTELY TERRIBLE.,2024-01-02T15:46:00Z,complaint
user_75784,best company ever. highly recommended.,2024-01-01T23:54:00Z,praise
user_97625,Can I Return An Item That Was Damaged In Shipping?,2024-01-03T07:45:00Z,inquiry
user_05063,where can i find the refund policy!,2024-01-04T15:40:00Z,inquiry
user_78540,WHERE CAN I FIND THE REFUND POLICY?,2024-01-03T07:51:00Z,inquiry
user_40128,Horrible experience from start to finish!,2024-01-04T15:50:00Z,complaint
user_42615,My order is taking forever. I ordered it 2 weeks ago.,2024-01-02T15:58:00Z,complaint
user_78487,do you offer international shipping.,2024-01-02T00:00:00Z,inquiry
user_95459,THIS IS THE WORST PRODUCT I HAVE EVER PURCHASED!,2024-01-04T00:04:00Z,complaint
user_08663,Do You Have This Item In A Different Size?,2024-01-04T16:10:00Z,inquiry
user_99726,Amazing Quality And Fast Shipping?,2024-01-04T00:12:00Z,praise
user_67938,BEST COMPANY EVER. HIGHLY RECOMMENDED,2024-01-02T16:08:00Z,praise
user_79714,Horrible Experience From Start To Finish?,2024-01-02T16:10:00Z,complaint
user_36948,How Long Does Shipping Usually Take.,2024-01-02T00:06:00Z,inquiry
user_92675,Amazing quality and fast shipping.,2024-01-04T00:28:00Z,praise
user_72311,INCREDIBLY DISAPPOINTED WITH THE QUALITY!,2024-01-04T00:32:00Z,complaint
user_09150,Horrible experience from start to finish,2024-01-04T16:45:00Z,complaint
user_08595,how long does shipping usually take?,2024-01-02T00:10:00Z,inquiry
user_40354,LOVE THIS PRODUCT! BEST PURCHASE EVER.,2024-01-04T00:44:00Z,praise
user_39386,DO YOU OFFER INTERNATIONAL SHIPPING.,2024-01-02T16:24:00Z,inquiry
user_07970,Is There A Discount Code I Can Use,2024-01-04T00:52:00Z,inquiry
user_77676,How Can I Track My Shipment?,2024-01-04T17:10:00Z,inquiry
user_71978,INCREDIBLY DISAPPOINTED WITH THE QUALITY!,2024-01-04T01:00:00Z,complaint
user_99835,DO YOU HAVE THIS ITEM IN A DIFFERENT SIZE,2024-01-02T16:32:00Z,inquiry
user_40818,Best company ever. Highly recommended!,2024-01-03T08:51:00Z,praise
user_58784,Where can I find the exchange policy,2024-01-02T16:36:00Z,inquiry
user_67108,This Is The Worst Product I Have Ever Purchased!,2024-01-04T17:35:00Z,complaint
user_36687,How Long Does Shipping Usually Take?,2024-01-02T16:40:00Z,inquiry
user_00429,Love this product! Best purchase ever!,2024-01-04T01:24:00Z,praise
user_15929,How Can I Track My Shipment,2024-01-03T09:06:00Z,inquiry
user_08286,Horrible Experience From Start To Finish?,2024-01-04T01:32:00Z,complaint
user_17962,i am extremely unsatisfied with my purchase!,2024-01-04T18:00:00Z,complaint
user_80258,i am extremely unsatisfied with my purchase.,2024-01-02T00:25:00Z,complaint
user_53422,This Is Exactly What I Wanted. Five Stars!,2024-01-04T01:44:00Z,praise
user_46346,My Order Is Taking Forever. I Ordered It A Week Ago?,2024-01-04T18:15:00Z,complaint
user_28428,AMAZING QUALITY AND FAST SHIPPING!,2024-01-03T09:24:00Z,praise
user_51331,This Is Exactly What I Wanted. Five Stars,2024-01-04T01:56:00Z,praise
user_83133,Incredibly Disappointed With The Quality.,2024-01-02T17:00:00Z,complaint
user_46112,Love this product! Best purchase ever.,2024-01-02T17:02:00Z,praise
user_68583,how do i contact customer support!,2024-01-03T09:36:00Z,inquiry
user_31257,My order is taking forever. I ordered it 3 weeks ago!,2024-01-04T02:12:00Z,complaint
user_40040,Just Wanted To Say Thank You For The Great Experience?,2024-01-02T00:34:00Z,praise
user_55790,ABSOLUTELY LOVE EVERYTHING ABOUT THIS COMPANY!,2024-01-02T00:35:00Z,praise
user_14581,horrible experience from start to finish.,2024-01-03T09:48:00Z,complaint
user_05123,where can i find the exchange policy?,2024-01-04T19:05:00Z,inquiry
user_02900,do you have this item in a different size!,2024-01-04T02:32:00Z,inquiry
user_05574,your service is outstanding.,2024-01-04T19:15:00Z,praise
